B1.,,Actionarea acceleratorului are ca efect:,
,a.,reducerea vitezei de zbor,
,b.,dublarea vitezei de zbor,
,c.,cresterea vitezei de zbor ,X
B2.,,O parapanta omologata LTF – 1 respectiv EN – A este destinata:,
,a.,pilotilor de competitie,
,b.,pilotilor incepatori,X
,c.,exclusiv pilotilor de acrobatie,
B3.,,Riscul de twist este mai mare cand:,
,a.,chinga de piept este foarte stransa,X
,b.,folosim seleta este de tip cocoon,X
,c.,chinga de piept este foarte larga ,
B4.,,Tensiunea in comenzi creste datorita:,
,a.,cresterii presiunii in voalura,
,b.,cresterii unghiului de incidenta,X
,c.,cresterii vitezei de zbor,
B5.,,O parapanta omologata LTF 2 (EN –C) este destinata:,
,a.,exclusiv pilotilor incepatori,
,b.,exclusiv zborului in tandem,
,c.,exclusiv pilotilor cu nivel mediu/ridicat de pregatire,X
B6.,,Alungirea aripii este: ,
,a.,raportul dintre coarda medie si anvergura,X
,b.,raportul dintre profunzimea maxima a aripii si anvergura ,
,c.,raportul dintre grosimea maxima relativa a profilului si anvergura,
B7.,,Aripa de parapanta prezinta torsiune geometrica: ,
,a.,da,X
,b.,nu ,
,c.,torsiunea geometrica nu are legatura cu aerodinamica,
B8.,,Profilul aripii este dat de : ,
,a.,membranele intercheson ,X
,b.,proiectia aripii pe un plan orizontal ,
,c.,suprafata aripii desfasurata,
B9.,,Lungimea suspantelor poate influenta finetea parapantei: ,
,a.,da,X
,b.,nu ,
,c.,numai o data cu cresterea incarcarii alare. ,
B10.,,Incarcarea alara se refera la : ,
,a.,raportul dintre greutatea totala in zbor si suprafata portanta ,X
,b.,greutatea maxima in zbor ,
,c.,sarcina nimima si maxima a parapantei,
B11.,,La actionarea in jos a comenzilor unghiul de incidenta: ,
,a.,creste ,X
,b.,scade ,
,c.,ramane constant,
B12.,,Alegeti afirmatia falsa:,
,a.,parapanta are profil aerodinamic,
,b.,parapanta nu are profil aerodinamic,X
,c.,profilul aerodinamic al parapantei poate fi identificat ca proiectia acesteia pe un plan orizontal,
B13.,,Nodul pe o suspanta are drept efect:,
,a.,scade rezistenta la rupere a suspantei respective,X
,b.,creste rezistenta la rupere a suspantei respective,
,c.,nu influenteaza rezistenta la rupere a suspantelor,
B14.,,Alegeti afirmatia adevarata:,
,a.,comenzile actioneaza asupra stabilizatoarelor,
,b.,comenzile actioneaza asupra liniei de suspante B,
,c.,comenzile actioneaza asupra bordului de fuga,X
B15.,,Suspantele fac legatura dintre:,
,a.,"cordul de atac, bordul de fuga si seleta",
,b.,voalura si chingi portsuspante,X
,c.,voalura si carabinierele de acrosaj,
B16.,,Bordul de fuga este:,
,a.,partea din fata a profilului ,
,b.,partea centrala a  aripii,
,c.,partea din spate a aripii,X
B17.,,Alegeti afirmatia falsa:,
,a.,intradosul aripii este in partea inferioara a profilului,
,b.,extradosul aripii este in partea superioara a profilului,
,c.,intradosul este in partea superioara a profilului,X
B18.,,Alegeti afirmatia corecta:,
,a.,nodurile slabesc rezistenta la rupere a suspantelor,X
,b.,radiatia ultravioleta degradeaza kevlarul,X
,c.,suspantele din kevlar nu au nevoie de manta de protectie,
B19.,,Tesatura din care este construita voalura trebuie sa fie:,
,a.,deformabila atat pe urzeala cat si pe batatura,
,b.,nedeformabila pe urzeala si pe batatura,X
,c.,elastica pe orice directie,
B20.,,Alegeti afirmatia corecta:,
,a.,distanta dintre punctele de acrosaj a seletei modifica comportamentul parapantei in zbor,X
,b.,distanta dintre punctele de acrosaj a seletei modifica nu comportamentul parapantei in zbor,
,c.,distanta dintre punctele de acrosaj a seletei este importanta la testele de omologare,X
B21.,,Omolgarea parapantei arata:,
,a.,"performantele parapantei: finete maxima, viteza minima de infundare, viteza maxima",
,b.,nivelul de pilotaj necesar,X
,c.,factorul de sarcina admis,
B22.,,Alegeti afirmatia corecta:,
,a.,comenzile actioneaza asupra bordului de atac,
,b.,cu ajutorul comenzilor modificam unghiul de incidenta,X
,c.,manevra URECHI se face cu ajutorul comenzilor,
B23.,,Stabilitatea pe directie a parapantei este asigurata de:,
,a.,bordul de fuga,
,b.,efectul de pendul,
,c.,stabilizatoare (capetele de plan),X
B24.,,Membranele intercheson au rolul :,
,a.,de a mentine presiunea dinamica in interiorul voalurii,
,b.,de a prelua sarcina de pe intrados ,
,c.,de a materializa profilul aerodinamic al parapantei,X
B25.,,Caracteristicile si performantele de zbor ale parapantei sunt influentate de:,
,a.,gradul de uzura al voalurii,X
,b.,lungimea suspantelor,X
,c.,altitudinea de zbor,X
B26.,,Acceleratorul modifica:,
,a.,unghiul de incidenta,X
,b.,scheletul profilului,
,c.,coarda profilului,
B27.,,Omologarea parapantelor are drept scop: ,
,a.,verificarea performantelor de zbor ,
,b.,verificarea gradului de securitate,X
,c.,ambele de la pct a. si b.,
B28.,,Alegeti afirmatia corecta:,
,a.,seletele tip cocoon au rezistenta la inaintare mai mica fata de seletele clasice,X
,b.,seletele tip cocoon au rezistenta la inaintare mai mare fata de seletele clasice,
,c.,seletele tip cocoon au protectie la impact mai buna decat seletele clasice,
B29.,,Alegeti afirmatia corecta:,
,a.,sistanta dintre punctele de acrosaj are influenta asupra comportamentului parapantei,X
,b.,sistanta dintre punctele de acrosaj are influenta doar asupra confortului pilotului,
,c.,sistanta dintre punctele de acrosaj se regleaza intr-un domeniu strict,X
B30.,,Voalura este confectionata din material sintetic in carouri( Rip-Stop) pentru:,
,a.,a mentine mai bine presiunea in voalura,
,b.,pentru a mari rezistenta materialului,X
,c.,a limita extinderea in caz de ruptura,X
B31.,,  Seletele dotatate cu protector dorsal sunt recomandata:,
,a.,doar elevilor piloti in perioada de scolarizare,
,b.,tuturor pilotilor indiferent de nivel,X
,c.,doar elevilor cu nivel superior de pregatire,
B32.,,Suspantele parapantei sunt:,
,a.,elasice,
,b.,statice,X
,c.,pe linia A si B sunt statice iar C si D elastice,
B33.,,Cate categorii de greutate regasim la parapante:,
,a.,"fiecare producator are intervale de greutate proprii, conform omologarilor",X
,b.,"sunt 3 nivele : S, M si L",
,c.,"sunt 4 nivele: S,M,L si XL",
B34.,,Incarcarea peste limita superioara a parapantei are ca efect:,
,a.,cresterea tuturor vitezelor,X
,b.,scaderea vietezei la finete maxima,
,c.,scaderea vitezei minime de infundare,
B35.,,Care este numarul standard de chingi portsuspante la parapante:,
,a.,nu exista un numar standard,X
,b.,4,
,c.,5,
B36.,,Care sunt riscurile ce apar o data cu uzura voalurii:,
,a.,finetea maxima se obtine doar cu acceleratorul actionat la maximum,
,b.,pericol de angajare prematura si deepstall,X
,c.,scade viteza minima de infundare,
B37.,,Alegeti afirmatia corecta:,
,a.,modificarea configuratiei suspantelor altereaza gradul de securitate in zbor,X
,b.,modificarea configuratiei suspantelor altereaza doar performantele de zbor ale parapantei,
,c.,modificarea configuratiei suspantelor nu este critica decat asupra maneabilitatii parapantei,
B38.,,Alegeti afirmatia corecta:,
,a.,prelungirea suspantelor de comanda duce la marirea vitezei maxime de zbor,
,b.,prelungirea suspantelor de comanda duce la marirea finetii in zbor,
,c.,prelungirea suspantelor de comanda duce la marirea cursei comenzilor spre in jos,X
B39.,,Alegeti categoria cu care este posibil zborul de distanta (XC):,
,a.,LTF 1 / EN-A,X
,b.,LTF 1-2 /  EN-B,X
,c.,LTF 2/ EN-C,X
B40.,,Pentru a zbura cu pasager este necesar:,
,a.,parapanta speciala pentru zborul cu pasager,X
,b.,parapanta omologata LTF 1 / EN A,
,c.,parapanta omologata LTF 2-3 / EN-D,
B41.,,Finetea parapantei este direct influentata de :,
,a.,lungimea suspantelor,X
,b.,alungirea aripii,X
,c.,clasa de omologare,
B42.,,Seleta tip cocoon  influenteaza:,
,a.,viteza minima de infundare,
,b.,finetea parapantei,X
,c.,viteza minima de infundare,
B43.,,Ce regim de zbor este potrivit la o aripa LTF1 / ENA pentru spiralarea in termica:,
,a.,regim de zbor la finete,
,b.,regim de zbor la infundare minima,X
,c.,regim de zbor la viteza maxima,
B44.,,Cate regimuri de zbor prezinta parapanta:,
,a.,3,X
,b.,2,
,c.,5,
B45.,,Care este zona de uzura maxima a voalurii de parapanta?,
,a.,"extrados treimea anterioara, masurand de la bordul de atac",X
,b.,tot extradosul,
,c.,tot intradosul,
B46.,,Depasirea intervalului de greutate poate sa duca la:,
,a.,modificarea comportamentului parapantei,X
,b.,modificarea performantelor parapantei,X
,c.,modificarea formei parapantei,
B47.,,Unghiul de incidenta se masoara:,
,a.,fata de orizontala,
,b.,fata de directia de zbor,
,c.,intre corda profilului si directia de curgere a fileurilor de aer,X
B48.,,Alegeti afirmatia corecta:,
,a.,toate suspantele sunt fixe,
,b.,suspantele de comanda sunt mobile,X
,c.,toate suspantele sunt mobile,
B49.,,Alegeti afirmatia corecta:,
,a.,orice parapanta poate fi lansata prin remorcaj la mosor,
,b.,orice parapanta poate fi folosita la zbor cu motor,
,c.,orice parapanta poate fi folosita la exercitii de gonflaj la sol,X
B50.,,Constructiv voalura se compune din:,
,a.,"extrados, intrados, membrane intercheson",X
,b.,"extrados, intrados, bord de atac, bord de fuga",
,c.,"extrados, intrados, stabilizatoare",
B51.,,Alegeti elementele care duc la uzura prematura a volaurii:,
,a.,expunere la radiatie ultravioleta,X
,b.,zbor in atmosfera salina ,X
,c.,remorcaj la mosor,
B52.,,Scheletul profilului este materializat de:,
,a.,forma profilului aerodinamic,
,b.,totalitatea elemntelor de ranforsare din interiorul aripii,
,c.,nu este materializat ,X
B53.,,O parapanta cu mai multe membrane intercheson va avea:,
,a.,finete mai mare,X
,b.,finete mai mica,
,c.,viteza de angajare mai mica,
B54.,, La parapanta centrul de greutate este:,
,a.,la nivelul voalurii,
,b.,la nivelul pilotului,X
,c.,deasupra voalurii,
B55.,,Alegeti afirmatia corecta:,
,a.,profilul aerodinamic al parapantei se regaseste in proiectia voalurii pe un plan orizontal,
,b.,"parapanta nu are profil aerodinamic ci doar extrados, intrados, bord de atac si bord de fuga",
,c.,profilul aerodinamic al parapantei este materializat de membranele intercheson,X
B56.,,Alegeti afirmatia corecta,
,a.,polara se gaseste pe extrados,
,b.,polara se gaseste pe intrados,
,c.,polara este o forma sintetica de descriere a performantelor de zbor,X
B57.,,In cazul aripii de parapanta regasim: ,
,a.,torsiune geometrica ,X
,b.,numai torsiune transversala ,
,c.,numai torsiune aerodinamica,
B58.,,In zbor orizontal centrul de greutate este situat: ,
,a.,sub centrul de presiune ,X
,b.,deasupra centrului de presiune ,
,c.,coincide cu centrul de presiune,
B59.,,Alegeti afirmatia corecta:,
,a.,toate parapantele au profil reflex,
,b.,toate parapantele au profil aerodinamic,X
,c.,parapantele nu au profil aerodinamic,
B60.,,Alegeti afirmatia corecta:,
,a.,suspantele parapantei sunt elastice,
,b.,toate suspantele parapantei sunt fixe,
,c.,suspantele de comanda nu sunt fixe,X
B61.,,Alegeti afirmatia corecta:,
,a.,"din polara putem deduce sarcina utila, viteza maxima si viteza minima a parapantei",
,b.,din polara putem deduce regimurile de zbor ale parapantei,X
,c.,din polara putem deduce forma profilului parapantei,
B62.,,Alegeti afirmatia corecta:,
,a.,aripile omologate LTF 2-3 / EN –D se folosesc la scolarizare,
,b.,aripile omologate LTF 2-3 / EN –D se folosesc de regula de catre piloti cu minimum de experienta,
,c.,aripile omologate LTF 2-3 / EN –D se folosec doar de piloti avansati,X
B63.,, Alegeti categoria de omologare folosita pentru aripile de scoala:,
,a.,LTF 1 / EN-A,X
,b.,LTF 2 / EN-C,
,c.,LTF 2-3 / EN-D,
B64.,,Alegeti clasa de omologare cu nivelul de securitate cel mai ridicat:,
,a.,LTF 1 / EN-A,X
,b.,LTF 1-2 / EN-B,
,c.,LTF 2  / EN-C,
B65.,,"O aripa cu vechime de 15 ani, care a zburat in acest interval de timp, prezinta:",
,a.,uzura fizica,
,b.,uzura morala,
,c.,uzura fizica si morala,X
B66.,,Intervalul de greutate se refera la :,
,a.,greutatea totala in zbor: pilot echipat+seleta+parasuta de rezerva+parapanta,X
,b.,greutatea suspendata: pilot echipat+seleta+parasuta de rezerva,
,c.,greutatea pilotului complet echipat,
B67.,,Alegeti afirmatia corecta:,
,a.,parapantele se comporta identic la nivelul marii sau la altitudini peste 6000m,
,b.,performantele si comportamentul parapantei depind de densitatea aerului,X
,c.,performantele si comportamentul parapantei depind numai de greutatea totala in zbor,
B68.,,Stabilizatoarele parapantei au rol de:,
,a.,stabilizeaza parapanta pe directie,X
,b.,stabilizeaza unghiul de incidenta al parapantei,
,c.,stabilizeaza unghiul de panta al parapantei,
BB69,,69. Care dintre următoarele materiale sunt utilizate în construcția pânzei de parapantă?,,c,c
,a,Aramid (Kevlar),,0,c
,b,Polietilenă (Dyneema),,0,c
,c,Poliamidă (nailon),X,X,c
,d,Policlorură de vinil (PVC),,0,
BB70,,"70. Termenul de material ""ripstop"" înseamnă",,c,c
,a,întărirea zonelor puternic încărcate ale parapantei.,,0,c
,b,barierele de rupere care împiedică răspândirea rupturii de la un element al parapantei la altul.,,0,c
,c, tehnica în care firel mai rezistente se interconectează la intervale regulate în urzeala și bătătura țesăturii pentru a preveni continuarea rupturii. ,X,X,c
,d," un strat special de protecție care mărește elasticitatea țesăturii și, prin urmare, îmbunătățește rezistența la rupere a țesăturii.",,0,
BB71,,71. Rezistența la ruperea și deșirare a materialelor folosite laparapante este îmbunătățită prin,,b,b
,a,impregnarea pânzei cu un strat de protecție.,,0,b
,b,"tehnica ""ripstop"" în țesătură. ",X,X,b
,c,interconectarea firelor cu o elasticitate mai mare.,,0,
,d,țeserea extrem de fină a materialului.,,0,
BB72,,"72. Când vorbim de parapante, ce înseamnă termenul de porozitate?",,c,c
,a,Rezistența la rupere a țesăturii.,,0,c
,b,Rezistența țesăturii la încovoiere.,,0,c
,c,Permeabilitatea la aer a unui material. ,X,X,c
,d,Compoziția suprafeței superioare a aripii.,,0,
BB73,,73. Porozitatea materialelor utilizate pentru parapante (la volaură),,b,b
,a,ar trebui să fie cât mai mare posibil.,,0,b
,b,ar trebui să fie cât mai mică posibil. ,X,X,b
,c,"nu trebuie să fie niciodată sub o valoare predeterminată, deoarece stratul limită devine prea laminar.",,0,
,d," nu este important, rezistența mecanică este cea care contează.",,0,
BB74,,74. Țesăturile folosite pentru parapante sunt impregnate cu diferiți lianți pentru a,,b,b
,a,crește elasticitatea și rezistența mecanică.,,0,b
,b,micșora porozitatea și elasticitatea. ,X,X,b
,c,crește porozitatea și rezistența mecanică.,,0,
,d,micșora elasticitatea și rezistența mecanică.,,0,
BB75,,75. Materialele acoperite cu poliester (Mylar) sunt diferite de cele acoperite cu poliuretan sau silicon pentru că au,,a,a
,a,elasticitate diagonală mai mică. ,X,X,a
,b,"o mai mare elasticitate pe direcția de ""bătătură"" a țesăturii.",,0,
,c,sensibilitate redusă la radațiile UV.,,0,
,d,porozitate mai mare.,,0,
BB76,,76. Stratul de impregnare al țesăturilor folosite la parapante,,b,b
,a,crește sensibilitatea la radiațiile UV.,,0,b
,b,reduce porozitatea. ,X,X,b
,c,crește elasticitatea.,,0,
,d,reduce rezistența mecanică.,,0,
BB77,,77. Stratul de impregnare al țesăturilor folosite la parapante,,a,a
,a,reduce sensibilitatea țesăturii la radiațiile UV. ,X,X,a
,b,crește porozitatea țesăturii.,,0,
,c,crește elasticitatea țesăturii.,,0,
,d,reduce rezistența mecanică a țesăturii.,,0,
BB78,,78. Stratul de impregnare al țesăturilor folosite la parapante,,c,c
,a,crește sensibilitatea țesăturii la radiațiile UV.,,0,c
,b,crește porozitatea țesăturii.,,0,c
,c,scade elasticitatea țesăturii. ,X,X,c
,d,scade rezistența mecanică a țesăturii.,,0,
BB79,,79. Stratul de impregnare al țesăturilor folosite la parapante,,d,d
,a,crește sensibilitatea țesăturii la radiațiile UV.,,0,d
,b,crește porozitatea țesăturii.,,0,d
,c,crește elasticitatea țesăturii.,,0,d
,d,crește rezistența mecanică a țesăturii. ,X,X,d
BB80,,"80. Ce efecte asupra performanței voalurii are stratul de impregnare vechi, deteriorat sau insuficient?",,d,d
,a,Parapanta este greu de manevrat și are tendință de instabilitate de-a lungul axei longitudinale.,,0,d
,b," Întreaga gamă de viteză a parapantei crește, iar tendința de închidere crește.",,0,d
,c, Întregul interval de viteză al parapantei se reduce și curba polară devine mai plată.,,0,d
,d," Viteza de angajare este mai mare, precum si tendința de a intra in angajare parașutată. ",X,X,d
BB81,,81. Stratul de protecție a voalurii poate fi deteriorat considerabil de către,,b,b
,a,manevre extreme care duc la închideri ale voalurii.,,0,b
,b,"curățarea voalurii cu produse de curățare, agresive, de uz casnic. ",X,X,b
,c,depozitarea regulată a parapantei într-un loc întunecat protejat de lumina soarelui.,,0,
,d,depozitarea parapantei cât mai uscate într-o încăpere rece.,,0,
BB82,,82. Stratul de protecție a voalurii poate fi deteriorat considerabil de către,,d,d
,a,manevre extreme care duc la închideri ale voalurii.,,0,d
,b,curățarea voalurii cu apă rece.,,0,d
,c,depozitarea regulată a parapantei într-un loc întunecat protejat de lumina soarelui.,,0,d
,d,depozitarea parapantei într-o încăpere umedă și cu variații mari de temperatură. ,X,X,d
BB83,,83. Stratul de protecție a voalurii poate fi deteriorat considerabil de către,,c,c
,a,manevre extreme care duc la închideri ale voalurii.,,0,c
,b,curățarea voalurii cu apă rece.,,0,c
,c,"depozitarea regulată a parapantei într-un loc luminos, expus luminii directe a soarelui. ",X,X,c
,d,depozitarea parapantei într-o încăpere răcoroasă.,,0,
BB84,,84. Stratul de protecție a voalurii poate fi deteriorat considerabil de către,,a,a
,a,"frecarea de materiale abrazive cum ar fi stânci, nisip, sare etc. ",X,X,a
,b,curățarea voalurii cu apă rece.,,0,
,c,depozitarea regulată a parapantei într-un loc întunecat protejat de lumina soarelui.,,0,
,d,depozitarea parapantei într-o încăpere răcoroasă.,,0,
BB85,,85. O parapantă care a intrat în contact cu apa de mare ar trebui să fie,,c,c
,a,uscată cât mai repede posibil prin gonflare în briza mării.,,0,c
,b,uscată la umbră si apoi bine scuturată pentru a elimina sarea.,,0,c
,c,clătită bine cu apă dulce și apoi uscată. ,X,X,c
,d,testată porozitatea de un expert.,,0,
BB86,,86. Cea mai mare sarcină pe o aripă în timpul zborului este,,a,a
,a,pe extradosul aripii lângă bordul de atac. ,X,X,a
,b,pe intradosul aripii lângă bordul de atac.,,0,
,c,pe extradosul aripii lângă bordul fe dugă.,,0,
,d,pe intradosul aripii lângă bordul fe dugă.,,0,
BB87,,87. Care sunt semnele îmbătrânirii la o parapantă?,,a,a
,a,Porozitate crescută; angajarea la o viteză mai mare; o tendință mai pronunțată de a intra in angajare parașutată. ,X,X,a
,b,Elasticitatea scăzută; presiunea internă redusă; planorul reacționează mai brusc la comenzi.,,0,
,c,Materialul se întinde din cauza încărcării continue; crește grosimea profilului; viteza se reduce pe întreagul interal al curbei polare.,,0,
,d,Materialul se contractă datorită expunerii UV constante; profilul devine mai plat; viteza crește pe întreagul interval al curbei polare.,,0,
BB88,,88. Care este scopul traveelor și întăriturilor diagonale dintr-o aripă?,,b,b
,a,De a limita circulația aerului în interiorul parapantei și pentru a minimiza astfel porozitatea aripii.,,0,b
,b,De a distribui încărcarea din suspante în mod uniform pe suprafața superioară a aripii. ,X,X,b
,c,De a îmbunătăți rezistența structurală a aripii pe axa longitudinală și transversală.,,0,
,d,"De a regla circulația aerului în interiorul aripii și, prin urmare, de a menține o presiune internă uniformă.",,0,
BB89,,89. Sarcina pe travee este cea mai mare,,a,a
,a,în jumătatea din față a aripii unde sunt atașate suspantele. ,X,X,a
,b,între punctele de legătură ale suspantelor de la jumătatea dinfață a aripii.,,0,
,c,la jumătatea din spate a aripii unde sunt atașate suspantele.,,0,
,d,între punctele de racordare a suspantelor la jumătatea din spate a aripii.,,0,
BB90,,90. În care din următoarele cazuri traveele au cea mai mare încărcare,,d,d
,a,Într-o spirală.,,0,d
,b,Într-o termică puternică.,,0,d
,c,"În timp ce zburăm cu ""urechi mari"".",,0,d
,d,Într-o angajare cu B-urile. ,X,X,d
BB91,,91. Producătorii reduc deformarea traveelor la care sunt atașate suspantele prin,,b,b
,a,aranjarea orificiilor din travee direct peste punctele de atașare ale suspantelor.,,0,b
,b,răspândirea sarcinii pe o suprafață mai mare a traveelor folosind armături triunghiulare pe zonele cu cele mai mari incărcări. ,X,X,b
,c,minimizarea numărului de puncte de atașare a suspantelor.,,0,
,d,alegerea unui profil de aripă relativ gros.,,0,
BB92,,"92. De ce sunt adăugate întăriturile diagonale între travee, în construcția parapantelor?",,d,d
,a,Ajută la o redeschidere blândă și continuă a aripii după o închidere.,,0,d
,b,Inhibă în special deformarea permanentă a aripii ca rezultat al întinderii lente a materialului.,,0,d
,c,"Inhibă epulzarea rapidă a aerului din celule individuale și, prin urmare, inhibă închiderile.",,0,d
,d,"Permit ca sarcina de pe extradosul aripii să fie susținută de un număr redus de suspante, reducând astfel rezistența la înaintare. ",X,X,d
BB93,,93. Orificiile intercelulare (din travee),,c,c
,a,Fac posibilă o presiune egală între suprafața superioară și cea inferioară a aripii.,,0,c
,b,Distribuie uniform încărcătura generată de portanță pe întregul perete al celulei.,,0,c
,c,"Ajută la umplerea celulelor cu aer, atunci când bordul de atac e închis sau celula nu are priză de aer. ",X,X,c
,d,Permite o egalizare între presiunea statică din interior și presiunea dinamică din afara aripii.,,0,
BB94,,"94. Parapanta X are 18 celule, parapanta Y are 24 de celule. Ambele au o suprafață de 24m2 și o anvergură de 10m. Ele sunt construite cu aceleași materiale și principii. Care din urmatoarele afirmații este adevarată?",,a,a
,a,Y are un profil mai precis și un volum de împachetare mai mare decât X. ,X,X,a
,b,Y are o alungire mai mare și un volum de împachetare mai mare decât X.,,0,
,c,X are un profil mai gros și un volum de împachetare mai mare decât Y.,,0,
,d,"X are o alungire mai mică decât Y, dar ambele au același volum de împachetare.",,0,
BB95,,"95. În ce direcție, poate încărcarea pe materialul ripstop pe o perioadă de timp, provoca cele mai multe deformări?",,d,d
,a,"Încărcări paralele cu direcția firului ""bătătură"" (weft) în cârpă.",,0,d
,b,"paralele cu direcția firului ""urzeală"" (warp) în cârpă.",,0,d
,c,Încărcări verticale (la 90 de grade) cu materialul.,,0,d
,d,Încărcări diagonale în raport cu construcția materialului. ,X,X,d
BB96,,96. Dacă cusătura pe o voalură este prea apropiată,,c,c
,a,rezistența la rupere este mărită.,,0,c
,b,cusătura se mulează mai bine pe forma pânzei / aripii.,,0,c
,c,materialul este perforat și îsă pierde din rezistență. ,X,X,c
,d,porozitatea este minimizată.,,0,
BB97,,97. Cum se grupeză suspantele unei parapante?,,d,d
,a,"prin culoarea lor; de exemplu galben, roșii.",,0,d
,b,"prin diametrul lor; de exemplu 0,9 mm, 1,3 mm, 1,5 mm.",,0,d
,c,"prin materialele lor; de exemplu poliester, dyneema, kevlar, poliamidă.",,0,d
,d,"prin punctul lor de atașare la voalură; de exemplu suapantele A, B, C, D. ",X,X,d
BB98,,98. Unde se atașează suspantele A de voalură?,,d,d
,a,Pe bordul de fugă.,,0,d
,b,Pe stabilizatoare.,,0,d
,c,Pe axa longitudinală.,,0,d
,d,Pe bordul de atac. ,X,X,d
BB99,,"99. Ce cerințe, printre altele, trebuie să îndeplinească suspantele moderne?",,c,c
,a,"Elasticitate scăzută, capacitate redusă de încărcare cu un diametru minim.",,0,c
,b,"Elasticitate ridicată, capacitate redusă de încărcare cu un diametru minim.",,0,c
,c,"Elasticitate scăzută, capacitate ridicată de încărcare cu un diametru minim. ",X,X,c
,d,"Elasticitate ridicată, capacitate ridicată de încărcare cu un diametru minim.",,0,
BB100,,"100. La o parapantă modernă, care este întinderea tolerată a unei suspante de 6 m, sub sarcină de 50 N (5 kg)?",,b,b
,a,Suspantele pentru parapantele moderne sunt realizate din materiale care nu se întind.,,0,b
,b,aprox. 3cm. ,X,X,b
,c,aprox. 6cm.,,0,
,d,aprox. 9cm.,,0,
BB101,,101. Ce materiale sunt folosite la fabricarea suspantelor?,,d,d
,a,Poliester și polietilenă (Dyneema).,,0,d
,b,Poliester și poliamid (nailon).,,0,d
,c,Aramid (Kevlar) și Poliester.,,0,d
,d,Polietilenă (Dyneema) și Aramid (Kevlar). ,X,X,d
BB102,,"102. Motivul construcției suspantei moderne, de obicei, dintr-un miez și o manta este",,b,b
,a,astfel încât capacitatea de încărcare a suspantei să fie mărită de manta.,,0,b
,b,pentru a proteja miezul de efectele luminii și frecării. ,X,X,b
,c,"astfel încât acestea să poată fi colorate diferit și, prin urmare, să fie mai ușor deosebite.",,0,
,d,"astfel încât, în caz de rupere a miezului, mantaua să poată prelua încărcarea pentru perioadă scurtă de timp.",,0,
BB103,,"103. Dacă miezul este realizat dintr-un material cu elasticitate foarte mică, pe termen lung ar trebui să ne așteptăm la schimbări în lungimea suspantelor?",,a,a
,a,"Da, în special datorită faptului că mantaua suspantei tinde să se micșoreze și, prin urmare, să scurteze suspantele. ",X,X,a
,b,"Nu, suspantele realizate din materiale cu întindere minimă nu își modifică niciodată lungimea în mod semnificativ.",,0,
,c,"Da, deoarece toate materialele sub sarcină continuă își schimbă semnificativ lungimea.",,0,
,d,"Da, cu siguranță la temperaturi de peste 600 °C.",,0,
BB104,,104. Tehnica utilizată pentru coaserea suspantelor,,c,c
,a,necesită o mare atenție în producție și nu reduce semnificativ rezistența.,,0,c
,b,este singura metodă de producție care garantează permanent suficientă rezistență.,,0,c
,c,"poate, în special pentru liniile de Kevlar, să diminueze sarcina lor maximă cu până la 40%.",X,X,c
,d,ține numai de aspect.,,0,
BB105,,105. Ce tehnică ne permite să asigurăm buclele în capetele liniilor de suspensie nemanalizate atunci când sunt fabricate din Kevlar fără a diminua în mod semnificativ puterea lor?,,d,d
,a,Nici una.,,0,d
,b,Coasere.,,0,d
,c,Lipire.,,0,d
,d,Croșetare. ,X,X,d
BB106,,"106. Ce poate cauza deteriorarea miezului suspantelor aramid (Kevlar) sau polietilenă (dyneema), slăbindu-le în mod semnificativ rezistența?",,d,d
,a,"Zborul cu încărcare apropiată de, sau peste limita maximă permisă.",,0,d
,b,"Încărcarea mare a unei suspante sau grup de suspante în timpul manevrelor, cum ar fi închiderile frontale, închiderile asimetrice sau angajarea cu B-urile.",,0,d
,c,Deteriorarea miezului este întotdeauna o eroare de productie si nu poate fi cauzata de folosirea parapantei.,,0,d
,d,Când acestea sunt ude și se permiterea înghețarea lor. ,X,X,d
BB107,,"107. Suspantele de 1 mm cu rezistență de 100 daN (10 kg) diferă de suspantele de 1,5 mm cu aceeași rezistență datorită faptului că au",,d,d
,a,"rezistența la înaintare redusă și tendința redusă de înodare, în timpul pregătirii parapantei.",,0,d
,b,rezistența la înaintare crescută și tendința crescută de înodare în timpul pregătirii parapantei.,,0,d
,c,rezistența la înaintare crescută și tendința redusă de înodare în timpul pregătirii parapantei.,,0,d
,d,rezistența la înaintare redusă și tendința crescută de înodare în timpul pregătirii parapantei. ,X,X,d
BB108,,108. Ce se poate spune despre încărcarea pe suspantele unei aripi stabile?,,a,a
,a,suspantele A și B au mai mult decât dublul încărcării suspantelor C și D. ,X,X,a
,b,suspantele C și D au mai mult decât dublul încărcării suspantelor A și B.,,0,
,c,Încărcarea unei parapante moderne este distribuită în mod egal pe toate liniile principale.,,0,
,d,"suspantele A și C poartă sarcina, în timp ce suspantele B și D creează în principal forma profilului.",,0,
BB109,,"109. Care este avantajul suspantelor atașate prin sistemul buclă în buclă, față de de cusutul lor pe voalură?",,b,b
,a,Conexiunile cu buclă sunt mai bune deoarece suspanta nu este slăbită de cusătură.,,0,b
,b,"Întreținerea este mai ușoară, deoarece suspantele deteriorate pot fi ușor înlocuite. ",X,X,b
,c,"Conexiunile cu buclă sunt mai eficiente din punct de vedere aerodinamic și sunt, prin urmare, utilizate pe toate parapantele moderne de înaltă performanță.",,0,
,d,Nici una. Este o măsură ce ține strict de aspect.,,0,
BB110,,"110. Atunci când înlocuiți suspantele deteriorate, este important să vă asigurați că",,d,d
,a,"datorită rezisteței la înaintare, suspantele noi au același diametru.",,0,d
,b,în toate cazurile sunt folosite suspante al fel de rezistente sau mai rezistente.,,0,d
,c,suspantele se conformează dimensional cu cele înlocuite.,,0,d
,d,sunt utilizate numai suspantele originale furnizate de producător. ,X,X,d
BB111,,111. Ce circumstanțe pot provoca o modificare a lungimii inițiale a suspantelor?,,d,d
,a,"Numai o încărcare foarte mare pe suspante individuale, de exemplu atunci când o suspantă este prinsă undeva în timpul lansării sau a aterizării.",,0,d
,b,Numai utilizarea suspantelor de diferite tipuri sau dimensiuni.,,0,d
,c,Suspantele moderne nu își schimbă niciodată permanent lungimea.,,0,d
,d,Încărcarea diferită a suspantelor în timpul utilizării normale. ,X,X,d
BB112,,"112. Care sunt consecințele unei supraîncărcări mari pe anumite suspante, de exemplu atunci când o suspantă este prinsă undeva în timpul lansării sau a aterizării.",,a,a
,a,Suspantele pot fi întinse permanent și pot afecta comportamentul parapantei. ,X,X,a
,b,"Toate suspantele puternic supraîncărcate se vor rupe, ceea ce poate afecta comportamentul parapantei.",,0,
,c,Rezistența suspantei supraîncărcate va fi redusă critic.,,0,
,d,"Suspantele moderne nu sunt afectate atât în ceea ce privește rezistența, cât și lungimea.",,0,
BB113,,113. Ce ar putea cauza scurtarea permanentă a suspantelor?,,c,c
,a,Parapanta nu este folosită deloc într-o perioadă lungă de timp.,,0,c
,b,Sortarea greșită a liniilor înainte de împachetarea parapantei.,,0,c
,c,Expunerea suspantelor la umiditate și murdărie. ,X,X,c
,d,Expunerea suspantelor la temperaturi scăzute.,,0,
BB114,,114. Care sunt consecințele unei alungiri permanente mai mari a suspantelor A în comparație cu celelalte?,,a,a
,a,"Unghiul de atac crește, iar profilul și manevrabilitatea parapantei se modifică. ",X,X,a
,b,"Unghiul de atac crește, profilul rămâne neschimbat și manevrabilitatea parapantei se modifică.",,0,
,c,"Unghiul de atac rămâne neschimbat, iar profilul și manevrabilitatea parapantei se modifică.",,0,
,d,"Unghiul de atac se reduce, iar profilul și manevrabilitatea parapantei se modifică.",,0,
BB115,,115. Care sunt consecințele scurtării suspantelor A?,,d,d
,a,"Unghiul de atac crește, iar profilul și manevrabilitatea parapantei se modifică.",,0,d
,b,"Unghiul de atac crește, profilul rămâne neschimbat și manevrabilitatea parapantei se modifică.",,0,d
,c,"Unghiul de atac rămâne neschimbat, iar profilul și manevrabilitatea parapantei se modifică.",,0,d
,d,"Unghiul de atac se reduce, iar profilul și manevrabilitatea parapantei se modifică. ",X,X,d
BB116,,116. Care sunt consecințele scurtării suspantelor B?,,c,c
,a,"Unghiul de atac crește, iar profilul și manevrabilitatea parapantei se modifică.",,0,c
,b,"Unghiul de atac crește, profilul rămâne neschimbat și manevrabilitatea parapantei se modifică.",,0,c
,c,"Unghiul de atac rămâne neschimbat, iar profilul și manevrabilitatea parapantei se modifică. ",X,X,c
,d,"d) Unghiul de atac se reduce, iar profilul și manevrabilitatea parapantei se modifică.",,0,
BB117,,117. Care sunt consecințele alungirii suspantelor D?,,d,d
,a,"Unghiul de atac crește, iar profilul și manevrabilitatea parapantei se modifică.",,0,d
,b,"Unghiul de atac crește, profilul rămâne neschimbat și manevrabilitatea parapantei se modifică.",,0,d
,c,"Unghiul de atac rămâne neschimbat, iar profilul și manevrabilitatea parapantei se modifică.",,0,d
,d,"Unghiul de atac se reduce, iar profilul și manevrabilitatea parapantei se modifică. ",X,X,d
BB118,,118. Care sunt consecințele scurtării suspantelor D?,,a,a
,a,"Unghiul de atac crește, iar profilul și manevrabilitatea parapantei se modifică. ",X,X,a
,b,"Unghiul de atac crește, profilul rămâne neschimbat și manevrabilitatea parapantei se modifică.",,0,
,c,"Unghiul de atac rămâne neschimbat, iar profilul și manevrabilitatea parapantei se modifică.",,0,
,d,"Unghiul de atac se reduce, iar profilul și manevrabilitatea parapantei se modifică.",,0,
BB119,,119. Cum se schimbă comportamentul parapantei dacă suspantele A sunt prelungite sau întinse?,,a,a
,a,"Parapanta este mai dificil de gonflat, zboară mai lent datorită unghiului de atac crescut, este mai puțin predispusă la închideri frontale, dar este mai predispusă la angajare parașutată. ",X,X,a
,b,"Parapanta este mai dificil de gonflat, necesită comenzi mai ample dar mai puțin puternice din cauza centrului de greutate situat mai jos și transformă viteza în înălțime (filaj) mai bine la aterizare.",,0,
,c,"Parapanta este mai ușor de gonflat, zboară mai lent datorită unghiului de atac scăzut, este mai puțin predispusă la închideri frontale, dar este mai predispusă la angajare parașutată.",,0,
,d,"Parapanta este mai ușor de gonflat, zboară mai repede datorită scăderii unghiului de atac, este mai predispusă la închideri frontale, dar este mai puțin predispusă la angajare parașutată.",,0,
BB120,,120. Cum se schimbă comportamentul parapantei dacă suspantele D sunt prelungite sau întinse?,,d,d
,a,"Parapanta este mai dificil de gonflat, zboară mai lent datorită unghiului de atac crescut, este mai puțin predispusă la închideri frontale, dar este mai predispusă la angajare parașutată.",,0,d
,b,"Parapanta este mai dificil de gonflat, necesită comenzi mai ample dar mai puțin puternice din cauza centrului de greutate situat mai jos și transformă viteza în înălțime (filaj) mai bine la aterizare.",,0,d
,c,"Parapanta este mai ușor de gonflat, zboară mai lent datorită unghiului de atac scăzut, este mai puțin predispusă la închideri frontale, dar este mai predispusă la angajare parașutată.",,0,d
,d,"Parapanta este mai ușor de gonflat, zboară mai repede datorită scăderii unghiului de atac, este mai predispusă la închideri frontale, dar este mai puțin predispusă la angajare parașutată. ",X,X,d
BB121,,121. Cum se schimbă comportamentul parapantei dacă suspantele A se scurtează? ,,d,d
,a,"Parapanta este mai dificil de gonflat, zboară mai lent datorită unghiului de atac crescut, este mai puțin predispusă la închideri frontale, dar este mai predispusă la angajare parașutată.",,0,d
,b,"Parapanta este mai dificil de gonflat, necesită comenzi mai ample dar mai puțin puternice din cauza centrului de greutate situat mai jos și transformă viteza în înălțime (filaj) mai bine la aterizare.",,0,d
,c,"Parapanta este mai ușor de gonflat, zboară mai lent datorită unghiului de atac scăzut, este mai puțin predispusă la închideri frontale, dar este mai predispusă la angajare parașutată.",,0,d
,d,"Parapanta este mai ușor de gonflat, zboară mai repede datorită scăderii unghiului de atac, este mai predispusă la închideri frontale, dar este mai puțin predispusă la angajare parașutată. ",X,X,d
BB122,,122. Cum se schimbă comportamentul parapantei dacă suspantele D se scurtează?,,a,a
,a,"Parapanta este mai dificil de gonflat, zboară mai lent datorită unghiului de atac crescut, este mai puțin predispusă la închideri frontale, dar este mai predispusă la angajare parașutată. ",X,X,a
,b,"Parapanta este mai dificil de gonflat, necesită comenzi mai ample dar mai puțin puternice din cauza centrului de greutate situat mai jos și transformă viteza în înălțime (filaj) mai bine la aterizare.",,0,
,c,"Parapanta este mai ușor de gonflat, zboară mai lent datorită unghiului de atac scăzut, este mai puțin predispusă la închideri frontale, dar este mai predispusă la angajare parașutată.",,0,
,d,"Parapanta este mai ușor de gonflat, zboară mai repede datorită scăderii unghiului de atac, este mai predispusă la închideri frontale, dar este mai puțin predispusă la angajare parașutată.",,0,
BB123,,123. La decolare un pilot observă că una dintre suspantele B ale parapanteii este ruptă. Ce ar trebui să facă pilotul?,,d,d
,a,Să scoată suspanta ruptă și să zbare fără ea.,,0,d
,b,Să lege capetele cu un nod pescăresc.,,0,d
,c,"Să reconecteze capetele cu o bucată scurtă de suspantă suplimentară, asigurându-se că suspanta ""reparată"" nu este mai scurtă sau mai lungă decât suspanta B învecinată.",,0,d
,d,Pilotul nu trebuie să zboare până când suspanta deteriorată este înlocuită. ,X,X,d
BB124,,"124. Comparativ cu o parapantă cu suspante de 5m, una cu suspante de 7m are",,c,c
,a,centrul de greutate mai sus și pendulare mai mare atunci când se schimbă rapid direcția.,,0,c
,b,centrul de greutate mai jos și pendulare mai mică atunci când se schimbă rapid direcția.,,0,c
,c,centrul de greutate mai jos și pendulare mai mare atunci când se schimbă rapid direcția. ,X,X,c
,d,centrul de greutate mai sus și pendulare mai mică atunci când se schimbă rapid direcția.,,0,
BB125,,"125. Comparativ cu o parapantă cu suspante de 7m, una cu suspante de 5m are",,d,d
,a,centș/rul de greutate mai sus și pendulare mai mare atunci când se schimbă rapid direcția.,,0,d
,b,centrul de greutate mai jos și pendulare mai mică atunci când se schimbă rapid direcția.,,0,d
,c,centrul de greutate mai jos și pendulare mai mare atunci când se schimbă rapid direcția.,,0,d
,d,centrul de greutate mai sus și pendulare mai mică atunci când se schimbă rapid direcția. ,X,X,d
BB126,,"126. După 200 de zboruri cu aceeași parapantă, pilotul observă îndoirea materialului pe întrega anvergură, între atașamentele suspanelor B și C.",,d,d
,a,Suspantele B și C trebuie să fie scurtate ușor.,,0,d
,b,Suspantele A și B trebuie să fie scurtate ușor.,,0,d
,c,Parapanta trebuie înlocuită deoarece materialul este prea uzat.,,0,d
,d,Parapanta trebuie să fie verificată și retrimată de producător. ,X,X,d
BB127,,"127. După aterizare, parapanta ar trebui",,c,c
,a,"să nu cadă niciodată pe o partea, deoarece încărcarea continuă pe o singură parte a suspantelor poate duce la întinderea asimetrică a acestora.",,0,c
,b,să cadă pe sol înainte sau înapoi pentru a evita încurcarea suspantelor.,,0,c
,c,"să nu cadă niciodata în față pe sol, deoarece aerul nu poate scăpa din celule, mărind astfel presiunea internă și, prin urmare, riscul de rupere a traveelor. ",X,X,c
,d,să fie coborâtă cât mai repede posibil pentru a evita căderea voalurii pe pilot și încurcarea acestuia în suspante.,,0,
BB128,,"128. Dacă un material este supus unei sarcini egale cu rezistența sa maximă, ar trebui să presupuneți următorul lucru:",,a,a
,a,Dimensiunile și forța fizică a materialului nu vor mai fi aceleași ca înaite. ,X,X,a
,b,"Dimensiunile și rezistența originale ale materialului rămân neschimbate, cu condiția ca sarcina maximă să nu fie depășită.",,0,
,c,"Dimensiunile s-au schimbat într-o oarecare măsură, dar rezistența nu este diminuată.",,0,
,d,"Parapanta trebuie retrimată într-o oarecare măsură, pentru a compensa pentru modificarea dimensiunilor.",,0,
BB129,,129. Tipul de încărcare pe voalura parapantei este,,b,b
,a,Presiunea.,,0,b
,b,Tensiunea. ,X,X,b
,c,Torsiunea.,,0,
,d,Îndoirea.,,0,
BB130,,130. Legăturile dintre chingi și suspante sunt cunoscute sub numele de,,b,b
,a,Carabinele seletei.,,0,b
,b,Carabine rapide cu filet. ,X,X,b
,c,Manșonul carabinei.,,0,
,d,Manșonul suspantei.,,0,
BB131,,131. Carabinele rapide cu filet de pe chingile portasuspante trebuie să fie,,c,c
,a,strânse.,,0,c
,b,strânes ușor cu mâna.,,0,c
,c,"strânse cu mâna, apoi un 1 de tură cu o cheie. ",X,X,c
,d,Strângeți cât mai bine posibil cu o cheie și apoi destrângeți un 1 de tură.,,0,
BB132,,"132. O parapantă are 4 rânduri de suspante, A, B, C și D. Care grupă de suspante are cea mai mică încărcare în zbor stabil?",,d,d
,a,A,,0,d
,b,B,,0,d
,c,C,,0,d
,d,D,X,X,d
BB133,,"133. Executarea continuă a manevrelor extreme pe o parapantă normală, certificată",,c,c
,a,nu va duce la o întindere apreciabilă a materialului voalurii.,,0,c
,b,"va încărca în diagonală stabilitatorii, rezultând un profil modificat în mijlocul parapantei.",,0,c
,c,"poate duce la întinderea diferitelor părți ale parapantei și, prin urmare, la modificarea caracteristicilor de zbor ale parapantei. ",X,X,c
,d, poate duce la în fisuri în carabinele rapide datorită încărcării.,,0,
BB134,,"134. Cum funcționează un accelerator de picior pe o parapnată modernă, de serie?",,b,b
,a,"Prin întinderea picioarelor centrul de greutate se mișcă înainte, reducând unghiul de atac și rezultând accelerarea parapantei.",,0,b
,b,"Este atașat suspantelor A, permițând să fie trase în jos suspantele din față, scăzând unghiul de atac și accelerând parapanta.",X,X,b
,c,"Este atașat la suspantele D, permițând astfel variația lungimii chingilor portsuspante D și, prin urmare, varioația unghiului de atac.",,0,
,d,"Poate acționa chingile portsuspante A, B și C care îi permit să schimbe lungimea liniilor A , B și C care modifică unghiul de atac și viteza aripii.",,0,
BB135,,"135. Dacă călcăm acceleratorul până la cursa maximă, pe o parapantă modernă, în aer calm,",,c,c
,a,finețea se îmbunătățește.,,0,c
,b,viteza de înfundare scade.,,0,c
,c,crește viteza de înaintare. ,X,X,c
,d,nu se întâmplă / se schimbă nimic.,,0,
BB136,,"136. Dacă călcăm acceleratorul până la cursa maximă, pe o parapantă modernă, în vânt de față de 25 km/h",,a,a
,a,finețea se îmbunătățește. ,X,X,a
,b,viteza de înfundare scade.,,0,
,c,finețea scade.,,0,
,d,nu se întâmplă / se schimbă nimic.,,0,
BB137,,"137. Trimerele modifică, în general, lungimea",,d,d
,a,chingilor portsuspante A.,,0,d
,b,chingilor portsuspante B.,,0,d
,c,chingilor portsuspante C.,,0,d
,d,chingilor portsuspante D. ,X,X,d
BB138,,138. Trimerele,,b,b
,a,până la o lungime de 5 cm pot fi adăugate la toate parapantele de serie fără a afecta certificarea sau siguranța parapantei.,,0,b
,b,"modifică lungimea și, prin urmare, caracteristicile de zbor ale parapantei. O parapantă cu trimere poate fi garantată ca fiind certificată doar dacă a fost testată cu trimere. ",X,X,b
,c,afectează comportamentul de zbor al fiecărei parapnte cu fiecare poziție a lor.,,0,
,d,"nu afectează comportamentul de zbor al unei parapante, dar compromite rezistența chingilor.",,0,
BB139,,"139. Pentru zboruri rapide, trimerele sunt",,a,a
,a,eliberate pentru a reduce unghiul de atac și pentru a ridica profilul în spate. ,X,X,a
,b,eliberate pentru a crește unghiul de atac și pentru a ridica profilul în spate.,,0,
,c,strânse pentru a reduce unghiul de atac și pentru a coborî profilul din spate.,,0,
,d,strânse pentru a crește unghiul de atac și pentru a ridica profilul în spate.,,0,
BB140,,140. Eliberarea trimerelor în timpul unui zbor drept și stabil,,b,b
,a,reduce șansele de închidere frontală și cursa comenzii necesară pentru controlul direcției devine mai scurtă.,,0,b
,b,crește șansele de închidere frontală și cursa comenzii necesară pentru controlul direcției devine mai lungă. ,X,X,b
,c,reduce șansele de închidere frontală și cursa comenzii necesară pentru controlul direcției devine mai lungă.,,0,
,d,crește șansele de închidere frontală și cursa comenzii necesară pentru controlul direcției devine mai scurtă.,,0,
BB141,,141. Suspantele comezilor pot fi protejate împotriva uzurii prin,,c,c
,a,evitarea folosirii inutile a comenzii.,,0,c
,b,tragerea comenzii din față în jos până la mijloc.,,0,c
,c,folosirea unor scripeți pentru trecerea ghidarea suspantelor. ,X,X,c
,d,aplicarea comenzilor într-o manieră foarte controlată.,,0,
BB142,,142. Lungimea corectă a comenzilor,,b,b
,a,trebuie ajustată pentru a se potrivi poziției seletei și pilotului.,,0,b
,b,este determinată de către producător și trebuie scurtată numai de către ei sau reprezentanții acestora. ,X,X,b
,c,depinde de greutatea pilotului și de viteza de înaintare dorită.,,0,
,d,"trebuie să fie ajustate pentru a se potrivi dimensiunii corpului, în special lungimii brațului pilotului.",,0,
BB143,,143. Lungimea comenzilor este stabilită astfel încât,,c,c
,a,nu este niciodată necesar să înfășurați suspantele comenzii pe mâini la aterizare.,,0,c
,b,parapanta zboară cu cea mai bună finețe cu comenzile trase la înălțimea umărului.,,0,c
,c,este posibil să se atingă întreaga gamă de vitezeă a parapantei fără probleme. ,X,X,c
,d,să fie cât mai scurte posibil pentru a evita încurcarea cu suspantele D.,,0,
BB144,,"144. În timp ce zburăm cu comenzile frânate, suspantele D se detensionează formând un arc, ce putem concluziona?",,a,a
,a,"Comenzile preiau sarcina suspantelor D, ceea ce este normal când se zboară frânat. ",X,X,a
,b,Suspantele D s-au întins treptat sub sarcină. Parapanta trebuie trimisă producătorului pentru verificare.,,0,
,c,"Suspantele comenzilor au fost reglate prea scurt și, prin urmare, trebuie să fie prelungite.",,0,
,d,Parapanta a fost livrată cu suspantele D prea lungi. Acestea trebuie înlocuite.,,0,
BB145,,145. Ce efect va avea o seletă cu chingi diagonale asupra pilotului?,,d,d
,a,Pilotul simte mai puțin turbulența și are capacitate mai mare de a controla parapanta prin deplasarea greutății.,,0,d
,b,Pilotul simte mai mult turbulența și are capacitate mai mare de a controla parapanta prin deplasarea greutății.,,0,d
,c,Pilotul simte mai mult turbulența și are capacitate mai mică de a controla parapanta prin deplasarea greutății.,,0,d
,d,Pilotul simte mai puțin turbulența și are capacitate mai mică de a controla parapanta prin deplasarea greutății. ,X,X,d
BB146,,146. Ce efect va avea o seletă fără chingi diagonale asupra pilotului?,,b,b
,a,Pilotul simte mai puțin turbulența și are capacitate mai mare de a controla parapanta prin deplasarea greutății.,,0,b
,b,Pilotul simte mai mult turbulența și are capacitate mai mare de a controla parapanta prin deplasarea greutății. ,X,X,b
,c,Pilotul simte mai mult turbulența și are capacitate mai mică de a controla parapanta prin deplasarea greutății.,,0,
,d,Pilotul simte mai puțin turbulența și are capacitate mai mică de a controla parapanta prin deplasarea greutății.,,0,
BB147,,147. Dacă se scurtează chinga de piept a seletei (se micșorează distanța dintre carabinele principale),,b,b
,a,pilotul simte mai mult turbulența și crește pericolul unei răsuciri.,,0,b
,b,pilotul simte mai puțin turbulența și crește pericolul unei răsuciri. ,X,X,b
,c,pilotul simte mai mult turbulența și pericolul unei răsuciri este redus.,,0,
,d,pilotul simte mai puțin turbulența și pericolul unei răsuciri este redus.,,0,
BB148,,148. Dacă se lungește chinga de piept a seletei (se mărește distanța dintre carabinele principale),,c,c
,a,pilotul simte mai mult turbulența și crește pericolul unei răsuciri.,,0,c
,b,pilotul simte mai puțin turbulența și crește pericolul unei răsuciri.,,0,c
,c,pilotul simte mai mult turbulența și pericolul unei răsuciri este redus. ,X,X,c
,d,pilotul simte mai puțin turbulența și pericolul unei răsuciri este redus.,,0,
BB150,,150. Ce efect au seletele cu puncte joase de atașare a carabinelor în timpul turbulențelor?,,b,b
,a,"Pilotul simte mai puțin turbulența, dar îi este mai dificil a se apleca înainte când accelerează la decolare.",,0,b
,b,"Pilotul simte mai mult turbulența, dar îi este mai puțin dificil a se apleca înainte când accelerează la decolare. ",X,X,b
,c,"Pilotul simte mai puțin turbulența, dar îi este mai puțin dificil a se apleca înainte când accelerează la decolare.",,0,
,d,"Pilotul simte mai mult turbulența, dar îi este mai dificil a se apleca înainte când accelerează la decolare.",,0,
BB151,,"151. O seletă fără chingi diagonale pe o parapantă este înlocuită cu o seletă cu chingi transversale, acest fapt va avea, printre altele, o influență asupra",,b,b
,a,graficului polarei vitezelor a parapantei.,,0,b
,b,comportamentului parapantei în situații extreme de zbor. ,X,X,b
,c,"profilului și, prin urmare, unghiului de atac al parapantei.",,0,
,d,torsiunii profilului parapantei.,,0,
BB152,,"152. Dacă o seletă este reglată astfel încât pilotul să fie într-o poziție foarte înclinată, avantajul este că",,a,a
,a,rezistența la înaintare este mai mică și finețea mai bună. ,X,X,a
,b,riscul de răsucire într-o situație necontrolată este redus la minimum.,,0,
,c,parapanta este mai ușor de condus prin schimbarea de greutate.,,0,
,d,parapanta este mai ușor de gonflat.,,0,
BB153,,"153. Dacă o seletă este reglată astfel încât pilotul să fie într-o poziție foarte înclinată, dezavantajul este că",,b,b
,a,rezistența la înaintare este mai mare și finețea mai mică.,,0,b
,b,riscul de răsucire este mărit într-o situație necontrolabilă. ,X,X,b
,c,parapanta nu poate fi condusă prin schimbarea de greutate.,,0,
,d,parapanta este mai greu de gonflat.,,0,
,,,,,
