A1.,,Care este riscul asociat zborului cu acceleratorul actionat:,
,a.,risc marit de inchideri ale voalurii,X
,b.,risc marit de angajare in limita de viteza,
,c.,"nici un risc, acest regim de zbor prezinta maximum de siguranta",
A2.,,In timpul unui viraj strans :,
,a.,viteza de angajare creste,X
,b.,viteza de angajare scade,
,c.,viteza de angajare ramane neschimbata,
A3.,,Cum se explica tendinta de viraj in cazul inchiderilor asimetrice:,
,a.,aripa deformata (inchisa) are rezistenta la inaintare mai mare decat cea ramasa deschisa,X
,b.,"comanda corespunzatoare aripii inchise are efect mai mare, la aceeasi cursa",
,c.,inchiderile asimetrice nu duc la tendinte de viraj sau autorotatie,
A4.,,Riscul de twist este mai mare cand:,
,a.,chinga de piept este foarte stransa,X
,b.,folosim seleta este de tip cocoon,X
,c.,chinga de piept este foarte larga ,
A5.,,In timpul saltului (tranzitie) intre doua termici este recomandat:,
,a.,sa pilotati cat mai putin folosind comenzile si cat mai mult prin balansarea laterala a corpului,X
,b.,sa pilotati cat mai mult folosind comenzile si cat mai putin  prin balansarea laterala a corpului,
,c.,sa folositi speedul pentru viraje prin actionarea lui asimetrica,
A6.,,Care este diferenta dintre vrie si spirala picata:,
,a.,in cazul vriei (negativa)  fileurile de aer se desprind de pe extrados,X
,b.,in cazul spiralei picate fileurile de aer se desprind de pe extrados,
,c.,"ambele manevre sunt identice din punct de vedere aerodinamic, este doar o diferenta de terminologie",
A7.,,Trecerea printr-o masa de aer descendenta are ca efect:,
,a.,micsorarea finetei reale,X
,b.,micsorarea finetei aerodinamice,
,c.,"cresterea finetei in zbor, prin cresterea componentei verticale a vitezei",
A8.,,Alegeti afirmatia adevarata:,
,a.,vria este o metoda de coborare rapida,
,b.,vria (negativa) este o manevra  periculoasa,X
,c.,vria si spirala picata sunt identice in cazul parapantei,
A9.,,Alegeti cea mai sigura manevra de coborare rapida:,
,a.,urechi,X
,b.,cravata,
,c.,vrie,
A10.,,In timpul manevrei URECHI controlul pe directie se face:,
,a.,exclusiv prin balansarea corpului stanga-dreapta,X
,b.,exclusv cu ajutorul comenzilor,
,c.,exclusiv cu ajutorul chingilor Last,
A11.,,In cazul cedarii comenzilor pilotajul parapantei se va face:,
,a.,cu ajutorul chingii Last (chinga spate)cu amplitudine mult mai mare decat in cazul actionarii comenzilor,
,b.,cu ajutorul chingilor B cu amplitudine mica,
,c.,cu ajutorul chingii Last ( chinga spate)cu amplitudine mult mai mica decat in cazul actionarii comenzilor,X
A12.,,La ce viteza de zbor se obtine infundarea minima:,
,a.,mai mare decat viteza la finete maxima,
,b.,la viteza minima de zbor,
,c.,la viteza mai mica decat viteza la finete maxima,X
A13.,,Decolarea se executa:,
,a.,cu viteza mica pentru a nu afecta gonflajul voalurii,
,b.,cu viteza constanta pentru a putea mentine panta de zbor,
,c.,cu alergare accelerata progresiv,X
A14.,,Enumerati fazele decolarii:,
,a.,"gonflaj, control vizual al aripii, accelerare, desprindere",X
,b.,"gonflaj, desprindere, stabilizare",
,c.,"alergare, gonflaj, desprindere, stabilizare",
A15.,,"In timpul procedurii de decolare, in zbor la panta, cine are prioritate:",
,a.,pilotul care urmeaza sa decoleze ,
,b.,pilotul care se afla in aer in zbor la panta in zona decolarii,X
,c.,daca mai exista cineva in zbor la panta decolarea este interzisa indiferent de zona de zbor,
A16.,,"In timpul zborului la panta, doi piloti se afla la acelasi nivel, fata in fata. Cine are prioritate:",
,a.,pilotul care are panta in dreapta,X
,b.,"pilotul care are panta in stanga, avand prioritate de stanga",
,c.,nu exista prioritate in zbor la panta numai in zbor termic,
A17.,,La zborul in termica cine da sensul de spiralare:,
,a.,primul pilot care a intrat in termica,X
,b.,ultimul pilot care a intrat in termica,
,c.,"fiecare pilot spiraleaza pe ce parte doreste, nu exista rrgula in acest sens",
A18.,,"In timpul zborului doua parapante se intalnesc la acelasi nivel, fata in fata. Care este procedura de evitare a abordajului:",
,a.,fiecare parapanta va vira spre dreapta,X
,b.,fiecare parapanta va vira spre stanga,
,c.,nu exista o regula in acest sens,
A19.,,Sunteti in zbor si din dreapta dvs vine un alt aparat de zbor fara motor. Care este procedura de evitare a abordajului:,
,a.,"are prioritate aparatul care vine din dreapta, dvs veti vira la stanga sau la dreapta pt degajare",X
,b.,"are prioritate aparatul care vine din stanga, adica dvs",
,c.,"are prioritate aparatul care vine din dreapta, dvs veti vira la dreapta  pt degajare",
A20.,,In timpul procedurilor de aterizare in zona sunt o parapanta si un motodeltaplan. Cine are prioritate:,
,a.,parapanta fiind aparat de zbor fara motor,X
,b.,"motodeltaplanul, avand greutate proprie mai mare",
,c.,"motodeltaplanul, avand viteza mai mare",
A21.,,Alegeti elementele obligatorii din procedura de aterizare:,
,a.,priza in U sau L,
,b.,vant de fata,X
,c.,degajarea zonei de aterizare cat mai rapid cu putinta ,X
A22.,,Alegeti afirmati corecta:,
,a.,"decolarea se face exclusiv cu vant de spate, pt a asigura o viteza corespunzatoare in timpul alergarii",
,b.,decolarea se face mentinand comenzile sus pana dupa desprindere,
,c.,alergarea in timpul decolarii se face cu viteza progresiv crescatoare,X
A23.,,Alegeti elementele periculoase din timpul procedurii de aterizare:,
,a.,vant de spate,X
,b.,zbor la viteza aproape de viteza de angajare,X
,c.,priza in U sau L,
A24.,,Alegeti elementele periculoase din timpul zborului in termica:,
,a.,spiralarea in contrasens cu ceilalti piloti aflati in aceeasi termica,X
,b.,nesustinerea virajului,X
,c.,folosirea inclinarii corpului in timpul spiralarii,
A25.,,Alegeti calitatile necesare unei zone de decolare:,
,a.,sa aiba spatiu de renuntare,X
,b.,sa aiba inclinare mai mare decat finetea parapantei,X
,c.,sa aiba prag de desprindere cat mai accentuat,
A26.,,Care este directia vantului permisa pentru decolare la panta:,
,a.,de la zero grade (vant de fata) pana la 90 de grade lateral fata masurand de la perpendiculara pe panta,
,b.,de la zero grade (vant de fata) pana la 45 de grade lateral fata masurand de la perpendiculara pe panta,X
,c.,este recomandata decolarea cu vant de spate atunci cand este cazul,
A27.,,Care este viteza de desprindere recomandata in timpul procedurii de decolare:,
,a.,viteza maxima de zbor,
,b.,viteza la finete,
,c.,viteza corespunzatoare vitezei minime de infundare,X
A28.,,Finetea adevarata a parapantei poate varia in functie de:,
,a.,regimul de zbor,X
,b.,traversarea unei mase de aer ascendente sau descendente,X
,c.,traversarea unei mase de aer turbulente,X
A29.,,Tensiunea in comenzi creste datorita:,
,a.,cresterii presiunii in voalura,
,b.,cresterii unghiului de incidenta,X
,c.,cresterii vitezei de zbor,
A30.,,"La traversarea unei zone cu descendente, pentru a pierde cat mai putina inaltime, este recomandat sa zburati la regim:",
,a.,de infundare minima,
,b.,la finete maxima,
,c.,la viteza cat mai mare,X
A31.,,"In timpul virajului, fata de zborul pe panta normala, rectilinie,  asupra aparatului de zbor actioneaza in plus:",
,a.,forta centrifuga,X
,b.,forta coriolis,
,c.,efectul coanda ,
A32.,,Pilotajul activ inseamna:,
,a.,"mentinerea unei tensiuni cat mai constante in comenzi, si folosirea balansarii laterale pentru echilibrare, in timpul zborului in turbulente",X
,b.,folosirea balansarii laterale pentru echilibrare in timpul zborului in turbulente,
,c.,folosirea exclusiva a comenzilor in timpul zborului in turbulente,
A33.,,Alegeti afirmatia corecta:,
,a.,la traversarea unei zone turbulente finetea scade,X
,b.,la traversarea unei zone descendente finetea creste,
,c.,la traversarea unei zone descendente finetea ramane neschimbata,
A34.,,O parapanta omologata LTF 2 (EN –C) este destinata:,
,a.,exclusiv pilotilor incepatori,
,b.,exclusiv zborului in tandem,
,c.,exclusiv pilotilor cu nivel mediu/ridicat de pregatire,X
A35.,,Zborul cu pasager presupune:,
,a.,licenta de pilot,
,b.,licenta de pilot calificarea tandem,X
,c.,parapanta omologata LTF 1,
A36.,,In timpul manvrei URECHI este permis:,
,a.,sa folositi balansarea laterala pentru controlul pe directie,X
,b.,sa actionati speedul,X
,c.,sa executati si B stall pentru o coborare mai eficienta,
A37.,,Controlul traiectoriei in timpul spiralarii se face:,
,a.,exclusiv folosind comenzile,
,b.,exclusiv folosind balansarea laterala a corpului comenzile fiind mentinute la 50% din cursa pentru a obtine o infundare minima,
,c.,folosind balansarea laterala a corpului si comenzile,X
A38.,,"In cazul inchiderii asimetrice, procedura de recuperare este:",
,a.,"balansarea laterala a corpului, incarcand aripa deschisa, corijarea moderata a directiei folosind comanda de pe aripa deschisa si pomparea aripii inchise",X
,b.,balansarea laterala a corpului si eliberarea completa a ambelor comenzi,
,c.,"pomparea energica a aripii inchise folosind comanda, si eliberarea compleata a comenzii de pe aripa deschisa",
A39.,,Ce fenomene se regasesc in timpul inchiderii asimetrice:,
,a.,cresterea rezistentei la inaintare a aripii inchise,X
,b.,lipsa de comanda corespunzatoare aripii inchise,
,c.,tendinta de viraj a parapantei pe partea aripii inchise,X
A40.,,"In timpul virajului, la atingerea unghiului critic, parapanta va intra in :",
,a.,deepstall,
,b.,vrie (negativa),X
,c.,spirala picata,
A41.,,"In urma unei inchideri asimetrice majore, peste 50%, observati ca suspantele sunt rasucite (twist). Care este manevra corecta:",
,a.,lansarea imediata a rezervei,X
,b.,inclinarea corpului pe exteriorul spiralei si dezrasucirea imediata,
,c.,dezrasucirea folosind chingile portsuspante fara a elibera comenzile,
A42.,,Alegeti motivele pentru care trebuie sa renuntati la decolare chiar daca aveti aripa gonflata corect:,
,a.,casca nelegata,X
,b.,vant de spate,X
,c.,turbulente usoare,
A43.,,Alegeti motivele pentru care trebuie sa renuntati la decolare chiar daca aveti aripa gonflata corect:,
,a.,suspante incalcite,X
,b.,declansare termica,
,c.,alta parapanta in procedura de toplanding,X
A44.,,In timpul procedurii de aterizare viteza recomandata pentru apropiere este:,
,a.,aproape de viteza minima de zbor,
,b.,aproape de viteza maxima de zbor,
,c.,intre viteza corespunzatoare infundarii minime si finetei maxime,X
A45.,,In timpul zborului la finete maxima sau la viteza maxima care este principalul pericol daca intalnim turbulente:,
,a.,inchidere frontala sau asimetrica datorita unghiului de incidenta mic,X
,b.,angajare in limita de viteza datorita unghiului de incidenta mare,
,c.,vrie datorita regimului de zbor asimetric,
A46.,," Zburati intr-o zona muntoasa, pietroasa, cu vai (duze). Ce situatii dificile credeti ca veti intalni:",
,a.,termica violenta,X
,b.,rotoare in zonele de sub vant,X
,c.,efect venturi la traversarea vailor sau pe creste,X
A47.,,Care dintre urmatoarele sunt manevre de coborare rapida:,
,a.,vrie,
,b.,spirala picata,X
,c.,urechi,X
A48.,,Inainte de decolare este obligatoriu:,
,a.,sa verificam directia si viteza vantului in locul de decolare,
,b.,sa verificam directia si viteza vantului in minim 3 locuri pe panta de zbor,X
,c.,sa verificam directia si viteza vantului in zona de decolare si de aterizare,
A49.,,"In zonele rotorice (sub vant, in spatele pantei) exista posibilitatea ca o maneca de vant sa arate vant de fata:",
,a.,"da, daca este in zona ascendenta a rotorului",X
,b.,"nu, maneca de vant va arata intodeauna vant de spate",
,c.,"nu, in rotor curgerea masei de aer este haotica dar niciodata ascendenta pe panta de sub vant.",
A50.,,Contactul cu solul la aterizare se va face:,
,a.,la unghi critic,X
,b.,la viteza manima de infundare,
,c.,la finete maxima,
A51.,,Alegeti care dintre urmatoarele fenomene pot fi intalnite in zbor la panta:,
,a.,efect venturi,X
,b.,efect coriollis,
,c.,efect de camp,
A52.,,In procedura de decolare este necesar:,
,a.,"sa decolati cu comenzile la inele, corespunzator vitezei la finete maxima",
,b.,sa mentineti viteza de zbor constanta pe tot timpul decolarii pana dupa desprindere,
,c.,sa alergati accelerand progresiv pana la desprindere,X
A53.,,La intrarea in termica sunteti obligat sa:,
,a.,acordati prioritate celor ce spiraleaza deja in termica,X
,b.,folositi acceleratorul imediat ce creste vectorul urcarii pentru a obtine o urcare constanta,
,c.,folositi doar patrularea in 8 – uri pentru a avea urcare constanta,
A54.,,"In zbor la panta, de la ce inaltime puteti trece la spiralare:",
,a.,minim 50m,X
,b.,imediat ce ati intrat in termica,
,c.,minim 150m,
A55.,,Care dintre urmatoarele categorii de omologare nu permit zborul in termica:,
,a.,EN – A,
,b.,EN – B,
,c.,toate parapantele omologate pot sa zboare in termica,X
A56.,,"La intrarea in termica, la acelasi nivel cu dvs mai spiraleaza un deltaplan. Cum veti proceda:",
,a.,"intrati respectand sensul de spiralare al deltaplanului, in spatele lui",X
,b.,"incepeti spiralarea in orice sens, parapanta are intodeauna prioritate",
,c.,intrati in termica in fata deltaplanului pentru a fi vizibil si spiralati impreuna parapanta avand intodeauna prioritate inclusiv la schimbarea sensului de spiralare,
A57.,,"In zbor la panta, aveti panta in partea stanga, din fata la acelasi nivel vine un deltaplan. Cum veti proceda:",
,a.,"mentineti directia, parapanta are totdeauna prioritate",
,b.,degajati spre dreapta si acordati prioritate deltaplanului,X
,c.,degajati spre stanga si acordati prioritate deltaplanului,
A58.,,Care este ordinea corecta de echipare pentru zbor:,
,a.,"casca, seleta, parapanta",X
,b.,"seleta, parapanta, casca",
,c.,"parapanta, seleta casca",
A59.,,"Ce trebuie sa faceti la traversarea unei zone ascendente, care duce la marirea inaltimii de zbor cu 5-15m, in timpul procedurii de aterizare:",
,a.,franati puternic parapanta mentinad directia neschimbata,
,b.,printr-o serie de viraje in S veti reveni la panta normala de aterizare ,X
,c.,actionati speedul pentru a intra pe panta normala de aterizare,
A60.,,"Imediat dupa decolare comanda stanga se dezleaga de la nod, devenind inoperabila. Cum veti proceda:",
,a.,"veti pilota folosind exclusiv comanda dreapta si balansarea corpului in lateral, mergand cat mai repede la aterizare",
,b.,"veti pilota folosind balansarea corpului in lateral si chingile Last, cu amplitudine mai mica, mergand cat mai repede la aterizare",X
,c.,"veti pilota exclusiv folosind balasarea laterala a corpului, mergand cat mai repede la aterizare",
A61.,,Care sunt riscurile principale la traversarea unei zone turbulente la regim de finete maxima sau viteza maxima:,
,a.,inchideri majore eventual twist,X
,b.,angajare si full stall,
,c.,"nu sunt riscuri suplimentare in aceste regimuri de zbor, toate parapantele omologate fiind stabile",
A62.,,Alegeti afirmatia corecta:,
,a.,la intrarea in termica peste 3 m/s veti frana brusc pentru a zbura la regim de infundare minima cat mai repede,
,b.,la intrarea in termica de peste 3 m/s veti mentine aripa stabila prin pilotaj activ si apoi incepeti centrarea si zborul la regim de infundare minima,X
,c.,la intrarea in termica de peste 3m/s incepeti  urgent spiralarea pentru a ajunge la miez cat mai repede,
A63.,,In timpul executarii manvrei B stall viteza pe orizontala a parapantei se va modifica astfel:,
,a.,va creste,
,b.,va scadea pana aproape de zero,X
,c.,va ramane neschimbata,
A64.,, Alegeti manevrele de coborare rapida:,
,a.,vrie,
,b.,fulstall,
,c.,B-stall,X
A65.,,Alegeti afirmatia corecta:,
,a.,cu manevra urechi se poate regla panta inainte de aterizare,X
,b.,cu manevra urechi nu se poate regla panta inainte de aterizare,
,c.,cu manevra b- stall se poate regla panta inainte de aterizare,
A66.,,La aterizarea in zone care prezinta ascendenta usoara sau turbulenta usoara se recomanda:,
,a.,aterizarea cu urechi,X
,b.,aterizarea cu b-stall,
,c.,aterizarea cu front-stall,
A67.,,La stabilirea traiectului de zbor este obligatoriu sa luati in considerare:,
,a.,spatiul de renuntare,X
,b.,traseu alternativ,
,c.,traiectul sondei meteo,
A68.,,Spatiul de renuntare este:,
,a.,zona de aterizare alternativa,
,b.,traiect alternativ,
,c.,spatiul cuprins in zona de decolare care permite renuntarea decolarii in conditii de securitate,X
A69.,,Alegeti afirmatia corecta:,
,a.,in timpul virajului viteza de infundare scade,
,b.,in timpul virajului viteza de infundare creste,X
,c.,in timpul virajului viteza de infundare ramane constanta,
A70.,,Alegeti conditiile obligatorii necesare zborului cu parapanta in Romania:,
,a.,informare la COAP,X
,b.,lipsa totala a altor categorii de aeronave in zona de zbor,
,c.,conditii meteo CAVOK,
A71.,,Mentiunea CAVOK in METAR presupune in mod obligatoriu:,
,a.,"interzicerea zborului, conditii meteo periculoase",
,b.,"interzicerea zborului, trafic aerian aglomerat in zona",
,c.,nu exista restrictii speciale in acest caz,X
A72.,,Sunteti in termica impreuna cu alte parapante si in aceeasi termica intra si un planor. Cum veti proceda:,
,a.,"parasiti termica, planorul fiind clasa superioara, are prioritate",
,b.,continuati sa zburati mentinand sensul de spiralare ,X
,c.,continuati sa zburati si schimbati sensul de spiralare pentru a fi mai vizibil de catre planor,
A73.,,"In zbor la panta, are prioritate neconditionata:",
,a.,parapanta care vine din dreapta,
,b.,parapanta care decoleaza,
,c.,parapanta in procedura de aterizare,X
A74.,, Alegeti procedura sigura in cazul aterizarii pe teren necunoscut:,
,a.,apropierea in priza directa,
,b.,apropierea cu priza in L sau U,X
,c.,apropierea cu urechi sau B-stall,
A75.,,In timpul virajului stabilizat si sustinut viteza de curgere a fileurilor de aer pe cele doua semiaripi este:,
,a.,mai mare pe aripa exterioara,X
,b.,mai mica pe aripa exterioara,
,c.,egala,
A76.,,La traversarea unei zone turbulente se recomanda:,
,a.,aterizarea ,
,b.,actionarea speedului,
,c.,eliberarea speedului daca acesta este actionat,X
A77.,,Alegeti manevrele de coborare rapida:,
,a.,spirala picata,X
,b.,B-stall,X
,c.,vrie,
A78.,,La ce se foloseste actionarea suspantei stabilo :,
,a.,la executarea manevrei de urechi;,
,b.,la pilotaj atunci cand comenzile devin inoperabile;,
,c.,la scoaterea unei cravate,X
A79.,,Cand se recomanda actionarea suspantelor stabilo concomitent si simetric:,
,a.,niciodata,X
,b.,la executarea manevrei de urechi,
,c.,la exedutarea manevrei B-stall,
A80.,,Alegeti afirmatia corecta:,
,a.,decolarea cu vant zero este interzisa,
,b.,decolarea cu vant zero presupune viteza de alergare mai mare fata de decolarea pe conditii de vant de fata,X
,c.,decolarea cu vant zero presupune viteza de alergare mai mare fata de decolarea pe conditii de vant de spate,
A81.,,In timpul aterizarii pe panta se recomanda:,
,a.,aterizarea in contrapanta,
,b.,aterizarea in lungul pantei,X
,c.,aterizarea folosind acceleratorului,
A82.,, Actionarea acceleratorului are ca efect:,
,a.,reducerea vitezei de zbor,
,b.,dublarea vitezei de zbor,
,c.,cresterea vitezei de zbor ,X
A83.,,Efectul venturi poate fi intalnit:,
,a.,pe creste cand vantul este perpendicular pe creasta,X
,b.,pe vai cand vantul este in lungul vaii,X
,c.,nu poate fi regasit in natura fiind doar un fenomen aerodinamic,
A84.,,Reglajul vitezei de zbor se face:,
,a.,folosind comenzile sau acceleratorul,X
,b.,folosind exclusiv trimerul,
,c.,folosind exclusiv acceleratorul,
A85.,,Fazele aterizarii sunt:,
,a.,"priza, redresare, franare finala",X
,b.,"priza, franare finala",
,c.,"redresare, fullstall",
A86.,,Care dintre urmatoarele reprezinta pericol major in procedura de aterizare:,
,a.,"angajarea la mai mult de 0,5m inaltime",X
,b.,inchideri asimetrice la mai putin de 200m inaltime,
,c.,"angajarea la mai putin de 0,5m inaltime",
A87.,,Regimul de zbor la finete se foloseste in urmatoarele cazuri:,
,a.,dupa centrarea in termica si trecerea la spiralare,
,b.,pentru centrarea eficienta in termica,
,c.,"pentru obtinerea unghiului maxim de panta, de exemplu la salt (tranzitie) de la o termica la alta",X
A88.,,In timpul manevrei urechi:,
,a.,creste unghiul de incidenta,X
,b.,scade unghiul de incidenta,
,c.,unghiul de incidenta ramane neschimbat,
A89.,,In timpul procedurii de decolare unghiul de atac este: ,
,a.,variabil ,X
,b.,fix ,
,c.,variaza doar daca se actioneaza acceleratorul,
A90.,,Regimurile de zbor ale parapantei sunt: ,
,a.,"viteza minima, viteza maxima, viteza accelerata",
,b.,"viteza la infundare minima, viteza la finete maxima, viteza maxima",X
,c.,"viteza de angajare, viteza maxima, viteza la finete",
A91.,,Cresterea incarcarii alare modifica performantele parapantei: ,
,a.,da ,X
,b.,nu ,
,c.,incarcarea alara nu are legatura cu domeniul zborului,
A92.,,In momentul angajarii unei parapante,
,a.,presiunea in comenzi scade brusc,X
,b.,viteza de inaintare creste brusc,
,c.,viteza de infundare creste brusc,X
A93.,,Care este diferenta dintre vrie si spirala picata:,
,a.,in cazul vriei fileurile de aer se desprind de pe extrados,X
,b.,in cazul spiralei picate fileurile de aer se desprind de pe extrados,
,c.,"ambele manevre sunt identice din punct de vedere aerodinamic, este doar o diferenta de terminologie",
A94.,,La ce viteza de zbor se obtine infundarea minima:,
,a.,mai mare decat viteza la finete maxima,
,b.,la viteza minima de zbor,
,c.,la viteza mai mica decat viteza la finete maxima,X
A95.,,Rezerva se arunca de preferat in cazul unei rotatii necontrolabile:,
,a.,in directia rotatiei,
,b.,contra rotatiei,X
,c.,nu are importanta,
A96.,,La aruncarea rezervei se da drumul la maner:,
,a.,da,X
,b.,nu,
,c.,nu conteaza,
A97.,,In cazul ruperii unei comenzi franarea la aterizare  se face prin:,
,a.,tragerea simetrica a chingilor LAST ,X
,b.,tragerea simetrica a chingilor C,
,c.,tragerea simetrica a suspantelor  stabilo,
A98.,,Mentinerea pozitiei aplecat in timpul alergarii pentru decolare faciliteaza:,
,a.,manevrabilitatea parapantei,
,b.,reglajul vitezei,
,c.,mentinerea tensiunii constante a suspantelor pe parcursul procedurii de decolare,X
AA99,,"99. Când un pilot a consumat cantități mai mari de substanțe precum alcool, nicotină sau droguri, la ce efecte asupra capacității sale de zbor se poate aștepta? ",,d,d
,a,Rău de mișcare. ,,0,d
,b,Incapacitatea de a zbura în curenții termici. ,,0,d
,c,Incapacitatea de a efectua mișcări coordonate de menținere a direcției. ,,0,d
,d,Nivelul redus al oxigenului din aer va avea un efect negativ mai puternic asupra performanței pilotului. ,X,X,d
AA100,,100. La ce efecte se poate aștepta un pilot cu o răceală gravă și otită (inflamația urechii medii) în timpul zborului său? ,,b,b
,a,"Putere de concentrare redusă, percepția și judecata afectată, performanța corporală redusă. ",,0,b
,b,Durere de cap bruscă și foarte acută. ,X,X,b
,c,Absorbția foarte redusă a oxigenului în plămâni. ,,0,
,d,Deteriorarea corpului datorită deshidratării. ,,0,
AA101,,"101. Până la ce altitudine se poate adapta, o persoană aflată în stare de repaus, la diferitele condiții atmosferice în schimbare? ",,c,c
,a,aprox. la 2.000 m deasupra nivelului mării. ,,0,c
,b,aprox. la 3.000 m deasupra nivelului mării. ,,0,c
,c,aprox. la 4.000 m deasupra nivelului mării. ,X,X,c
,d,aprox. la 5.000 m deasupra nivelului mării. ,,0,
AA102,,102. La ce efecte ne putem aștepta atunci când corpul uman nu se poate adapta creșterii altitudinii? ,,b,b
,a,durere de cap bruscă și foarte acută. ,,0,b
,b,stare de euforie și confuzie. ,X,X,b
,c,greață și senzație de rău. ,,0,
,d,dificultăți de respirație. ,,0,
AA103,,103. Euforia de altitudine mare (începutul răului de altitudine) este rezultatul ,,d,d
,a,temperaturii scăzute și hipotermiei rezultate. ,,0,d
,b,turbulențelor predominante la altitudine mare. ,,0,d
,c,umidității scăzute și deshidratarea corpului rezultată. ,,0,d
,d,"presiunii reduse a aerului și reducerea asociată a presiunii oxigenului, rezultând o oxigenare insuficientă a corpului. ",X,X,d
AA104,,104. Conținutul de oxigen al aerului se schimbă cu altitudinea. Efectele semnificative asupra corpului uman pot fi reduse foarte mult prin ,,d,d
,a,consumul regulat de suplimente cu vitamina C. ,,0,d
,b,consumul preventiv de suplimente / medicamente pentru răul de mișcare (kinetosis). ,,0,d
,c,respirația profundă în mod conștient la intervale mai scurte. ,,0,d
,d,exerciții fizice regulate și aclimatizare. ,X,X,d
AA105,,"105. Când o parapantă zboară la o viteză de 32 km / h într-o masă de aer de 2 ° C, efectul de răcire asupra corpului pilotului este comparabil cu o temperatură în aer calm de ",,d,d
,a,+ 8 ° C ,,0,d
,b,+ 2 ° C ,,0,d
,c,- 0 ° C ,,0,d
,d,- 11 ° C ,X,X,d
AA106,,106. Ce se întâmplă cu corpul uman atunci când temperatura lui scade sub limita normală? ,,b,b
,a,Performanța fizică și nevoile de oxigen scad. ,,0,b
,b,Performanța fizică scade și nevoia de oxigen crește. ,X,X,b
,c,Performanța fizică și nevoile de oxigen cresc. ,,0,
,d,Performanța fizică crește și nevoia de oxigen scade. ,,0,
AA107,,"107. Atunci când corpul uman este expus vântului pentru o perioadă lungă de timp, ",,b,b
,a,nevoia de oxigen crește considerabil. ,,0,b
,b,nevoia de lichide crește considerabil. ,X,X,b
,c,nevoia de proteine crește considerabil. ,,0,
,d,nevoia de vitamine crește considerabil. ,,0,
AA108,,108. La Sibiu se anunță un QNH de 1015. Ce înseamnă acest lucru? ,,b,b
,a,În Sibiu presiunea atmosferică este de 1015 hPa. ,,0,b
,b,"La Sibiu, presiunea la nivelul mării calculată în conformitate cu atmosfera standard a ICAO este de 1015 hPa. ",X,X,b
,c,"Presiunea standard în Sibiu ,conform ICAO, este 1015 hPa. ",,0,
,d,Presiunea maximă din Sibiu în această zi este de 1015 hPa. ,,0,
AA109,,"109. Printre altele, ce etape formează o parte din pregătirea pentru zbor într-un loc nou? ",,d,d
,a,"Inspectați terenul de aterizare, studiați hărțile de spațiul aerian, înregistrați zborul cel mai apropiat aeroport. ",,0,d
,b,"Studiați hărțile de spațiul aerian, înregistrați zborul cel mai apropiat aeroport, planificați zborul în funcție de condiții. ",,0,d
,c,"Înregistrați zborul cu șeful celui mai apropiat aeroport, planificați zborul în funcție de condiții, inspectați câmpul de aterizare. ",,0,d
,d,"Planificați zborul în funcție de condiții, inspectați câmpul de aterizare, studiați hărțile de spațiul aerian și obstacolele aeriene. ",X,X,d
AA110,,110. Care este cel mai important criteriu în alegerea unui loc de decolare? ,,b,b
,a,Decolarea trebuie să fie echipată cu o mânecă de vânt. ,,0,b
,b,Locul ar trebui să permită oprirea a manevrei de decolare în siguranță în orice moment. ,X,X,b
,c,Vântul trebuie să vină din față. ,,0,
,d,Locul de decolare trebuie să fie foarte abrupt pentru a facilita o manevră de decolare cât mai rapidă. ,,0,
AA111,,111. La locul de decolare suflă vântul cu 15 km / h. Ce se poate aștepta în ceea ce privește distanța necesară și viteza de decolare? ,,b,b
,a,"Distanța de decolare este scurtă, viteza este ridicată. ",,0,b
,b,"Distanța de decolare este scurtă, viteza este scăzută. ",X,X,b
,c,"Distanța de decolare este lungă, viteza este ridicată. ",,0,
,d,"Distanța de decolare este lungă, viteza este scăzută. ",,0,
AA112,,112. La locul de decolare este pantă lină și vântul nu suflă. Ce se poate aștepta în ceea ce privește distanța necesară și viteza de decolare? ,,c,c
,a,"Distanța de decolare este scurtă, viteza este ridicată. ",,0,c
,b,"Distanța de decolare este scurtă, viteza este scăzută. ",,0,c
,c,"Distanța de decolare este lungă, viteza este ridicată. ",X,X,c
,d,"Distanța de decolare este lungă, viteza este scăzută. ",,0,
AA113,,"113. În zona de decolare nu suflă vântul, care sunt cele mai importante criterii pentru un loc de decolare adecvat? ",,b,b
,a,Decolarea trebuie să fie echipată cu o mânecă de vânt. ,,0,b
,b,Zona din fața parapantei trebuie să fie cât mai liberă de obstacole sau denivelări. ,X,X,b
,c,Zona din spatele parapantei trebuie să fie cât mai liberă de obstacole sau denivelări. ,,0,
,d,Locul de decolare trebuie să fie foarte abrupt pentru a facilita o manevră de decolare cât mai rapidă. ,,0,
AA114,,"114. În zona de decolare suflă vântul cu 20 km / h, care sunt cele mai importante criterii pentru un loc de decolare adecvat? ",,c,c
,a,Decolarea trebuie să fie echipată cu o mânecă de vânt. ,,0,c
,b,Zona din fața parapantei trebuie să fie cât mai liberă de obstacole sau denivelări. ,,0,c
,c,Zona din spatele parapantei trebuie să fie cât mai liberă de obstacole sau denivelări. ,X,X,c
,d,Locul de decolare trebuie să fie foarte abrupt pentru a facilita o manevră de decolare cât mai rapidă. ,,0,
AA115,,"115. Atunci când decolați dintr-un coridor din pădure, trebuie să fiți conștienți de și pregătiți pentru această posibilitate: ",,b,b
,a,"datorită diferenței mari de temperatură între pădure și câmp, vor fi prezente termici puternice și frecvente cu turbulența asociată lor. ",,0,b
,b,"vântul este calm la nivelul solului, deși la vârful copacilor vânt suflă mai puternic, rezultând turbulențe puternice la acea înălțime. ",X,X,b
,c,"în coridorul umbrit dintre pădurile însorite, vântul suflă invers la nivelul solului, ceea ce face dificilă trecerea peste arborii din față. ",,0,
,d,"când se trece peste primii arbori, pot apărea termici puternice din cauza diferenței de temperatură între pădure și coridor. ",,0,
AA117,,"117. Când la locul de decolare vântul suflă cu 25 km / h, care este cea mai bună metodă de a decola? ",,d,d
,a,"Pilotul se poziționează pe o pantă abruptă cât mai aproape posibil de marginea posterioară a parapantei și accelerează cât mai repede posibil, pentru a gonfla energic parapanta. ",,0,d
,b,"Pilotul ar trebui să decoleze cu spatele la parapantă ori de câte ori condițiile o permit, deoarece aceasta este de departe cea mai sigură metodă de decolare. ",,0,d
,c,"Pilotul gonfleaza cu fața la parapantă pe o pantă abruptă, astfel încât acesta să fie ridicat de îndată ce parapanta este sus. ",,0,d
,d,"Pilotul gonfleaza cu fața la parapantă pe o pantă lină și are grijă să nu fie ridicat involuntar, înainte de a fi pregătit. ",X,X,d
AA118,,118. Care dintre următoarele este verificarea celor 5 puncte a decolării corectă? ,,a,a
,a,"1. Seletă, cască și parașută de rezervă închisă și asigurată; 2. Chingile și suspantele dispuse corect; 3. Etalarea voalurii satisfăcătoare; 4. Direcția și intensitatea vântului; 5. Spațiul aerian. ",X,X,a
,b,"1. Chingile și suspantele dispuse corect; 2. Etalarea voalurii satisfăcătoare;3. Direcția și intensitatea vântului; 4. Spațiul aerian; 5. Seletă, cască și parașută de rezervă închisă și asigurată. ",,0,
,c,"1. Etalarea voalurii satisfăcătoare; 2. Direcția și intensitatea vântului; 3. Spațiul aerian; 4. Seletă, cască și parașută de rezervă închisă și asigurată; 5. Chingile și suspantele dispuse corect. ",,0,
,d,"1. Direcția și intensitatea vântului; 2. Spațiul aerian; 3. Seletă, cască și parașută de rezervă închisă și asigurată; 4. Chingile și suspantele dispuse corect; 5. Etalarea voalurii satisfăcătoare. ",,0,
AA119,,119. Se modifică verificarea celor 5 puncte atunci când decolarea se efectuează cu fața la voalură într-un vânt de 25 km / h? ,,d,d
,a,Nu. ,,0,d
,b,"Da, prin aceea că nu se poate verifica direcția și forța vântului. ",,0,d
,c,"Da, prin faptul că nu se poate verifica voalura. ",,0,d
,d,"Da, după gonflare și întoarcere, trebuie să verificați din nou că spațiul de accelerare și spațiul aerian sunt libere. ",X,X,d
AA120,,120. În ce moment ar trebui pilotul să se asigure că spațiul aerian și zona de accelerare sunt libere? ,,c,c
,a,Înainte ca pilotul să se pregătească pentru decolare. ,,0,c
,b,Înainte ca pilotul să etaleze parapanta pe locul de decolare. ,,0,c
,c,Chiar înainte de manevra de decolare. ,X,X,c
,d,Când pilotul a terminat etalarea parapantei. ,,0,
AA121,,121. Care sunt posibilele consecințe ale decolării cu chingile de la picioare ale seletei deschise? ,,c,c
,a,Pilotul nu se poate simți confortabil în seletă. ,,0,c
,b,Pilotul trebuie să lase frânele după decolare pentru a intra în seletă în mod corespunzător. ,,0,c
,c,"Pilotul poate aluneca din seletă, ducând la o cădere fatală. ",X,X,c
,d,Parapanta nu poate fi condusă prin schimbare de greutate a corpului. ,,0,
AA122,,122. Care ar putea fi consecințele dacă chingile de la picioare ale seletei nu sunt strânse înaintea decolării? ,,b,b
,a,"Pilotul poate aluneca din seletă, ducând la o cădere fatală. ",,0,b
,b,"Pilotul ar putea fi nevoit, după decolare, să ia ambele comenzi într-o singură mână pentru a intra în seletă în mod corespunzător. ",X,X,b
,c,Parapanta trage constant într-o parte. ,,0,
,d,Parapanta nu poate fi condusă prin schimbare de greutate a corpului. ,,0,
AA123,,123. Ce se întâplă dacă parapanta este udă? ,,c,c
,a,Finețea parapantei este mult redusă. ,,0,c
,b,"Viteza de pdecolare, zbor și aterizare sunt considerabil mai mari. ",,0,c
,c,Parapanta se gonflează greu și necesită mai mult efort pentru a o aduce deasupra capului. ,X,X,c
,d,Stabilitatea caracteristicilor de zbor va fi considerabil afectată. ,,0,
AA124,,124. Un pilot găsește condițiile de la locul de decolare ca fiind provocatoare. El ar trebui să ,,c,c
,a,"lase pe alți piloți să decoleze mai întâi pentru a concluziona că, așa cum au decolat ei fără probleme, atunci poate și el. ",,0,c
,b,"decoleze, având în vedere că siguranța este garantată la locul de decolare oficial. ",,0,c
,c,decoleze numai atunci când este convins că o poate face fără probleme. ,X,X,c
,d,"decoleze, pentru că, în calitate de utilizator frecvent al acestui loc de decolare, concluzia e că va putea decola și de această dată în condiții de siguranță. ",,0,
AA125,,125. Procedura de decolare cu parapanta are trei faze. Cum se numesc acestea? ,,d,d
,a,1. Gonflare 2. Controlul / corecția 3. Frânarea ,,0,d
,b,1. Control 2. Gonflare 3. Accelerare ,,0,d
,c,1. Gonflare 2. Frânarea 3. Accelerare ,,0,d
,d,1. Gonflare 2. Controlul / corecția 3. Accelerare ,X,X,d
AA126,,"126. În ce fază, cel mai târziu, puteți să renunțați la decolare? ",,c,c
,a,În niciuna dintre faze. ,,0,c
,b,În faza de gonflare. ,,0,c
,c,În faza de control și corecție. ,X,X,c
,d,În faza de accelerare. ,,0,
AA127,,127. Pe o decolare orientata spre sud veti avea un vant de la 120 ° la 5 noduri. Care este cea mai bună abordare? ,,c,c
,a,Gonflați parapanta spre sud și apoi accelerați în direcția sud-vest pentru a compensa pentru vântul lateral. ,,0,c
,b,"Gonflați parapanta în vânt și accelerați în diagonală pe pantă, cu fața în vânt. ",,0,c
,c,Gonflați parapanta în vânt și întoarceți-vă progresiv spre vale și accelerați. ,X,X,c
,d,Decolarea ar trebui întreruptă deoarece vântul lateral prezintă un risc prea mare. ,,0,
AA128,,"128. Decolarea cu vânt zero la 3.600m deasupra nivelului mării este diferită de decolarea cu vânt zero la 1.400m deasupra nivelului mării, în sensul că distnța pe care trebuie să o alergați la 3600m este ",,c,c
,a,mai scurtă datorită performanței umane mai bune de la altitudine. ,,0,c
,b,"mai scurtă, deoarece accelerația poate fi mai mare datorită densității reduse a aerului. ",,0,c
,c,"mai lungă, deoarece densitatea mai mică a aerului trebuie compensată cu o viteză mai mare de decolare. ",X,X,c
,d,la fel - nu există nici o diferență. ,,0,
AA129,,"129. După decolare, un pilot nu se poate așeza corect în seletă, deoarece și-a lăsat chingile de la picioare ale seletei prea largi. Ce ar trebui acesta să facă? ",,c,c
,a,Să libereze imediat comenzile pentru a trage placa seletei sub el. ,,0,c
,b,"Cu comenzile în mâini, să apuce imediat placa seletei și să o tragă sub el. ",,0,c
,c,"Să zboare de lângă pantă, să pună ambele comenzi într-o mână și cu cealaltă mână să tragă placa seletei sub el. ",X,X,c
,d,comenzile nu trebuie eliberate în timpul zborului. Dacă pilotul nu poate intra cu succes în sleltă fără a folosi mâinile acesta ar trebui să execute o aterizare de urgență. ,,0,
AA130,,130. De ce comenzile nu trebuie niciodată eliberate imediat după decolare? ,,b,b
,a,Deoarece la scurt timp după decolare există pericolul ca presiunea statică din parapantă să scadă și parapanta să se prăbușească. ,,0,b
,b,"În cazul unei închideri ale voalurii aproape de sol, un pilot nu poate compensa în timp util dacă trebuie să caute comenzile. ",X,X,b
,c,"Deoarece parapanta trebuie să fie frânată puternic imediat după decolare, pentru a crește performanța parapantei suficient pentru a decola. ",,0,
,d,"Datorită turbulențelor adesea prezente aproape de sol, pilotul are nevoie de comenzi pentru a se trage înapoi în poziție verticală dacă atinge din nou solul. ",,0,
AA131,,"131. Imediat după decolare, pilotul își dă seama că trebuie să frâneze mult în partea dreaptă pentru a zbura drept. Care ar putea fi cauza? ",,c,c
,a,Vântul lateral din dreapta. ,,0,c
,b,Vânt lateral puternic din stânga. ,,0,c
,c,Are un nod în suspantele de pe partea stânga. ,X,X,c
,d,Are un nod în suspantele de pe partea stânga. ,,0,
AA132,,"132. Imediat după decolare, pilotul își dă seama că trebuie să frâneze din greu în partea dreaptă pentru a zbura direct în față. Observă un nod între suspantele D și suapantele comenzii din stânga. Care sunt consecințele? ",,b,b
,a,Parapanta este mai sensibilă la turbulențe și se închide mai ușor. ,,0,b
,b,"Tendința de a intra în angajare parașutată este mai mare, iar atunci când se virează spre dreapta trebuie anticipată posibilitatea de angajare a parapantei. ",X,X,b
,c,"Suspantele D s-ar putea rupe datorită frecării, ducând la un accident. ",,0,
,d,"Parapanta are o tendință mai mare de a se închide pe partea dreaptă, iar la virajul spre stânga trebuie anticipată posibilitatea de angajare a parapantei. ",,0,
AA133,,133. Imediat după decolare pilotul observă un nod între suspantele A și B din partea stângă a voalurii. Care sunt consecințele? ,,a,a
,a,Parapanta este mai sensibilă la turbulențe și se închide mai ușor pe partea stângă. ,X,X,a
,b,"Tendința de a intra în angajare parașutată este mai mare, iar atunci când se virează spre dreapta trebuie anticipată posibilitatea de angajare a parapantei. ",,0,
,c,"Suspantele A sau B s-ar putea rupe datorită frecării, ducând la un accident. ",,0,
,d,"Parapanta are o tendință mai mare de a se închide pe partea dreaptă, iar la virajul spre stânga trebuie anticipată posibilitatea de angajare a parapantei. ",,0,
AA134,,"134. Imediat după decolare pilotul realizează că comanda stângă nu funcționează și descoperă un nod la scripetele de ghidaj al suspantei, de pe chinga din spate. Ce ar trebui să facă? ",,c,c
,a,Să se întoarcă spre dreapta pentru a executa imediat o aterizare de urgență. ,,0,c
,b,"Să tragă cu mai multă forță de comanda stângă, astfel încât nodul să cedeze puțin. ",,0,c
,c,"Să zboare la o distanță sigură de pantă, conducând cu chinga din spate stânga în loc de comandă, apoi să încerce să desfacă nodul. ",X,X,c
,d,"Să tragă ambele comenzi pentru o clipă, rapid și cu forța, la 100% (pompare simetrică) pentru a elibera nodul. ",,0,
AA135,,135. Un pilot dorește să zboare cât mai departe în aer calm. Ce ar trebui să facă? ,,b,b
,a,Să zboare cât mai repede posibil și să elibereze și trimerele dacă sunt instalate. ,,0,b
,b,Să zboare cu presiune ușoară în comanzi (1% - 10% frânată). ,X,X,b
,c,Să zboare cu comenzile aproximativ 20 - 30% frânate. ,,0,
,d,Să zboare cu comenzile aproximativ 50% frânate. ,,0,
AA136,,136. Locul de decolare este la 1.600 m AMSL iar valea de mai jos este la 400 m AMSL. Finețea indicată de producător este de 6: 1. Care este distanța cea mai mare care se poate zbura în aer calm? ,,c,c
,a,"4,8 km ",,0,c
,b,"6,0 km ",,0,c
,c,"7,2 km ",X,X,c
,d,"8,4 km ",,0,
AA137,,137. Un pilot dorește să zboare cât mai mult timp în aer calm. Ce ar trebui să facă? ,,c,c
,a,Să zboare cât mai repede posibil și să elibereze și trimerele dacă sunt instalate. ,,0,c
,b,Să zboare cu presiune ușoară în comanzi (1% - 10% frânată). ,,0,c
,c,Să zboare cu comenzile aproximativ 20 - 30% frânate. ,X,X,c
,d,Să zboare cu comenzile aproximativ 50% frânate. ,,0,
AA138,,138. Poate viteza parapantei să fie influențată de poziția corpului pilotului? ,,b,b
,a,"Dacă în timpul zborului pilotul se apleacă înainte cu umerii apăsând chingile, parapanta se va accelera. ",,0,b
,b,"Dacă în timpul zborului se adoptă o poziție aerodinamică, rezisența la înaintare este redusă și viteza crește ușor. ",X,X,b
,c,"Dacă picioarele sunt întinse, centrul masei se mișcă înainte, reducând astfel unghiul de atac și creșterea vitezei. ",,0,
,d,Nu. ,,0,
AA139,,139. Un pilot dorește să zboare cât mai departe cu un vânt de față de 25 km / h. Ce ar trebui să facă? ,,a,a
,a,Să zboare cât mai repede posibil și să elibereze și trimerele dacă sunt instalate. ,X,X,a
,b,Să zboare cu presiune ușoară în comanzi (1% - 10% frânată). ,,0,
,c,Să zboare cu comenzile cca. 20 - 30% frânate. ,,0,
,d,Să zboare cu comenzile aprox. 50% frânate. ,,0,
AA140,,140. Un pilot dorește să zboare cât mai departe cu un vânt de spate de 25 km / h. Ce ar trebui să facă? ,,c,c
,a,Să zboare cât mai repede posibil și să elibereze și trimerele dacă sunt instalate. ,,0,c
,b,Să zboare cu presiune ușoară în comanzi (1% - 10% frânată). ,,0,c
,c,Să zboare cu comenzile cca. 20 - 30% frânate. ,X,X,c
,d,Să zboare cu comenzile aprox. 50% frânate. ,,0,
AA141,,141. Un zboară într-o termică care urcă cu 3 m / s. Ce ar trebui să facă? ,,c,c
,a,Să zboare cât mai repede posibil și să elibereze și trimerele dacă sunt instalate. ,,0,c
,b,Să zboare cu presiune ușoară în comanzi (1% - 10% frânată). ,,0,c
,c,Să zboare cu comenzile cca. 20 - 30% frânate. ,X,X,c
,d,Să zboare cu comenzile aprox. 50% frânate. ,,0,
AA142,,"142. Un pilot zboară spre câmpul de aterizare exact la sud de poziția sa, cu un vânt de 25 km / h vest. Ce ar trebui să facă pentru a ajunge cât mai înalt posibil? ",,d,d
,a,Ar trebui să îndrepte parapanta spre sud și să zboare cât mai repede posibil. ,,0,d
,b,Ar trebui să îndrepte parapanta spre aterizare și să zboare ușor frânat. ,,0,d
,c,Ar trebui să îndrepte parapanta spre aterizare și să zboare cât mai repede posibil. ,,0,d
,d,Ar trebui să îndrepte parapanta spre sud-vest și să zboare cât mai repede posibil. ,X,X,d
AA143,,"143. Un pilot zboară spre câmpul de aterizare situat exact la sud de poziția sa, cu un vânt de 20 km / h vest. Dacă își îndreaptă parapanta exact spre terenul de aterizare, care va fi traiectul lui de zbor? ",,d,d
,a,1 ,,0,d
,b,2 ,,0,d
,c,3 ,,0,d
,d,4 ,X,X,d
AA144,,"144. Un pilot zboară spre câmpul de aterizare situat exact la sud de poziția sa, cu un vânt de 20 km / h vest. Dacă își îndreaptă parapanta exact spre sud, care va fi traiectul lui de zbor? ",,c,c
,a,1 ,,0,c
,b,2 ,,0,c
,c,3 ,X,X,c
,d,4 ,,0,
AA145,,"145. Un pilot zboară spre câmpul de aterizare situat exact la sud de poziția sa, cu un vânt de 20 km / h vest. Dacă își îndreaptă parapanta exact spre sud-vest, care va fi traiectul lui de zbor? ",,a,a
,a,1 ,X,X,a
,b,2 ,,0,
,c,3 ,,0,
,d,4 ,,0,
AA147,,147. Unghiul de corecție pentru deriva vântului (unghiul de derivă) ,,a,a
,a,crește pe măsura intensificarea vântului lateral. ,X,X,a
,b,scade cu intensificareaa vântului lateral. ,,0,
,c,"este influențată de direcția, dar nu de intensitatea vântului lateral. ",,0,
,d,"este influențată de intensitatea, dar nu de direcția vântului lateral. ",,0,
AA148,,"148. Pilotul A zboară cu 35 km / h iar pilotul B cu 50 km / h, ambii urmează aceeași traiectorie și au același vânt lateral. ",,a,a
,a,Pilotul A trebuie să aleagă un unghi de derivă mai mare decât B. ,X,X,a
,b,Ambii trebuie să aleagă același unghi de derivă. ,,0,
,c,Pilotul B trebuie să aleagă un unghi de derivă mai mare decât A. ,,0,
,d,Unghiul de derivă este întotdeauna egal cu jumătate din unghiul dintre traiectorie și vântul lateral. ,,0,
AA149,,149. Unghiul de corecție pentru deriva vântului (unghiul de derivă) ,,b,b
,a,va deveni mai mare atunci când crește viteza de zbor. ,,0,b
,b,va deveni mai mic atunci când crește viteza de zbor. ,X,X,b
,c,nu este influențată de viteza de zbor. ,,0,
,d,este întotdeauna jumătate din unghiul dintre direcția vântului și traiectorie. ,,0,
AA150,,150. Marimea unghiului de derivă depinde de ,,d,d
,a,"viteza de înfundare a parapantei, direcția și intensitatea vântului. ",,0,d
,b,"viteza de înfundare a parapantei, direcția vântului și distanța de zbor. ",,0,d
,c,"viteza parapantei, direcția vântului și distanța de zbor. ",,0,d
,d,"viteza parapantei, direcția și intensitatea vântului. ",X,X,d
AA151,,151. Un pilot zboară în vânt și ajunge sub un cumulus. Unde ar trebui să găsească termica? ,,c,c
,a,De îndată ce se ajunge sub cumulus. ,,0,c
,b,În centrul cumulusului. ,,0,c
,c,În partea din vânt a cumulusului. ,X,X,c
,d,În partea de sub vânt a cumulusului. ,,0,
AA152,,"152. Pilotul constată că, după ce a spiralat timp de 10 minute într-o termică, poziția sa deasupra solului s-a schimbat cu 3 km. Ce putem spune despre intensitatea vântului? ",,c,c
,a,Nu se poate stabili din informațiile furnizate. ,,0,c
,b,Are o valoare medie de 30 km / h. ,,0,c
,c,Are o valoare medie de 18 km / h. ,X,X,c
,d,Trebuie anticipat vânt puternic la nivelul solului. ,,0,
AA153,,153. Un pilot găsește o masă de aer ascendentă și încearcă să spiraleze în ea. După un viraj de 90 ° variometrul îi indică că coboară. Ce ar trebui să facă? ,,a,a
,a,"Ar trebui să vireze 180 °, apoi să zboare drept, deoarece aerul ascendent trebuie să fie în fața lui și apoi să încerce să se centreze din nou în ascendență. ",X,X,a
,b,"Ar trebui să continue să vireze, cu același unghi și viteză. ",,0,
,c,"Ar trebui să schimbe imediat direcția de virare, întrucât cel mai probabil a virat prea devreme în termică. ",,0,
,d,"Întrucât măsura orizontală sau circumferința masei de aer în urcare nu permite efectuarea unui cerc complet, ar trebui să caute o altă zonă de ascendență. ",,0,
AA154,,"154. În condiții fără vânt predominant, un pilot zboară într-o termică. Acest curent ascendent ",,a,a
,a,se ridică vertical în sus. ,X,X,a
,b,se înclină spre nord cu creșterea altitudinii. ,,0,
,c,se înclină spre vest cu creșterea altitudinii. ,,0,
,d,se înclină spre est cu creșterea altitudinii. ,,0,
AA155,,"155. În condiții fără vânt predominant, un pilot zboară într-o termică. Ce se întâmplă când se îndepărteză prea mult de centrul termicii? ",,b,b
,a,Încetează să urce și zboară cu viteza de înfundare normală. ,,0,b
,b,El zboară în descendența din jur și își pierde rapid altitudinea. ,X,X,b
,c,Ascendența devine mai puternică și mai turbulentă. ,,0,
,d,Ascendența devine mai puternică și mai puțin turbulentă. ,,0,
AA156,,"156. În condiții fără vânt predominant, un pilot zboară într-o termică ca să câștige altitudine cât mai repede. Dintr-o data el pierde termica si variometrul lui indica o viteza mare de înfundare. Ce este, în general, cel mai bun lucru de făcut? ",,a,a
,a,Un viraj strâns de 120 - 180 ° pentru a se întoarce cât mai repede posibil în termică. ,X,X,a
,b,"Un viraj 120 - 180 ° cât mai plat, pentru a pierde cât mai puțin înălțime în descendență. ",,0,
,c,Zborul în cerc larg până când reapare ascendența. ,,0,
,d,Zbor drept și căutat o nouă zonă de ascendență. ,,0,
AA157,,"157. În condiții de vânt 5m/s din 270°, un pilot zboară într-o termică. Acest curent ascendent ",,d,d
,a,se ridică vertical în sus. ,,0,d
,b,se înclină spre nord cu creșterea altitudinii. ,,0,d
,c,se înclină spre vest cu creșterea altitudinii. ,,0,d
,d,se înclină spre est cu creșterea altitudinii. ,X,X,d
AA158,,"158. În condiții de vânt 5m/s din 270°, un pilot zboară într-o termică care se înclină spre est cu creșterea altitudinii. Pe care parte a termicii va fi descendența cea mai puternică? ",,b,b
,a,Pe partea din vânt. ,,0,b
,b,Pn partea de sub vânt. ,X,X,b
,c,Pe partea orientată spre soare. ,,0,
,d,Pe partea orientată opus soarelui. ,,0,
AA159,,"159. În condiții de vânt 5m/s din 270°, un pilot zboară într-o termică care se înclină spre est cu creșterea altitudinii. Pentru a nu pierde termica, pilotul ",,a,a
,a,"zboară, în general, mai mult în partea din vânt a termicii. ",X,X,a
,b,"zboară, în general, mai mult în partea de sub vânt a termicii. ",,0,
,c,spiralează spre dreapta ori de câte ori este posibil. ,,0,
,d,spiralează spre stânga ori de câte ori este posibil. ,,0,
AA160,,160. Un pilot zboară într-o termică și dorește să zboare cât mai departe posibil. Când ar trebui să părăsească termica? ,,c,c
,a,Numai când el este cel mai sus. ,,0,c
,b,Numai atunci când variometrul nu mai indică ascendență utilă. ,,0,c
,c,Numai atunci când și-a ales următorul obiectiv și are suficientă înălțime pentru a ajunge la el. ,X,X,c
,d,Numai atunci când ajunge la 50m de baza norului. ,,0,
AA161,,161. Ce măsuri de siguranță trebuie luate atunci când întâlniți turbulențele termice în timpul patrulării la pantă? ,,b,b
,a,Nu zburați niciodată sub nivelul crestei. ,,0,b
,b,Îndepărtați-vă de pantă și adaptați viteza corespunzător. ,X,X,b
,c,"Eliberați trimerele pentru un flux de aer mai omogen peste parapantă, reducând astfel șansele de angajare. ",,0,
,d,"Părăsiți panta, întrucât zborul dinamic în condiții de turbulență termică este prea periculos. ",,0,
AA162,,"162. În zborul dinamic, lângă o creastă, întotdeauna virați ",,c,c
,a,pe partea pe care se simte ascendența. ,,0,c
,b,pe aceeași parte cu cea mai apropiată parapantă. ,,0,c
,c,dinspre creastă înspre vale. ,X,X,c
,d,dinspre creastă înspre vale sub înălțimea crestei și pe partea pe care se simte ascendența deasupra crestei. ,,0,
AA163,,163. O parapantă în zor ,,b,b
,a,nu produce turbulențe de siaj perceptibile atunci când zboară în intervalul inferior de viteză. ,,0,b
,b,produce o zonă de turbulențe de siaj ce pot fi simțite de alte parapante. ,X,X,b
,c,produce o bandă de ascendență în spatele ei. ,,0,
,d,produce o bandă de descendență în spatele ei. ,,0,
AA164,,164. Turbulențele cauzate de parapante ,,c,c
,a,nu au nici o semnificație în practică. ,,0,c
,b,devin mai însemnate cu creșterea înălțimii. ,,0,c
,c,"pot provoca dificultăți altor piloți care le urmăresc prea mult, mai ales la decolare și aterizare. ",X,X,c
,d,trebuie evitate cu orice cost când se zboară în aceeași termică. ,,0,
AA165,,165. Care sunt consecințele posibile când o parapantă care zboară drept este frânată (pe ambele părți) prea mult sau prea puternic? ,,b,b
,a,Parapanta are o închidere frontală. ,,0,b
,b,"Fluxul de aer se separă de aripă, ducând la o angajare parașutată sau aripa se balansează în spate angajându-se total. ",X,X,b
,c,"Fluxul de aer se separă de o parte a aripii (angajare), rezultând plonjarea aripii spre acea parte și intrarea în vrie negativă. ",,0,
,d,Aripa intră într-o spirală care se accelerează constant. ,,0,
AA166,,166. Ce simțim când parapanta este în angajare parașutată? ,,b,b
,a,"Vântul pe față, viteza peste sol este zero și parapanta se înfundă. ",,0,b
,b,"Nici o senzație de vânt pe față, nici o presiune în frâne, iar intradosul parapantei nu mai este tensionat, adică este concav între punctele de atașare ale suspantelor. ",X,X,b
,c,Parapanta are o viteză de înfundare mare și presiunea în comenzi este foarte mare. ,,0,
,d,Aripa intră într-o spirală care se accelerează constant. ,,0,
AA167,,167. Un pilot se află într-o angajare parașutată la 500 m deasupra solului. Ce ar trebui să facă? ,,c,c
,a,"O parapantă certificată se va recupera dintr-o angajare paraușutală de la sine. Prin urmare, pilotul trebuie să aștepte cu comenzile ușor trase până când parapanta se va recupera. ",,0,c
,b,"Trageți o comandă brusc și complet jos, și eliberați-o imediat. ",,0,c
,c,Trageți de chingile A până când parapanta zboară în mod normal din nou. ,X,X,c
,d,"Trageți ambele comenzi brusc și complet jos, și eliberați-le imediat. ",,0,
AA168,,"168. Pe apropierea finală, la 10m deasupra solului, vă dați seama că parapanta a intrat într-o angajare parașută. Ce ar trebui să faceti? ",,c,c
,a,Trageți imediat de chingile A. ,,0,c
,b,"Lăsați parapanta în angajare parașuată, ridicați-vă în poziție verticală și să trageți ambele comenzi complet, la o înălțime de aproximativ 4m deasupra solului. ",,0,c
,c,"Lăsați parapanta în angajare parașuată, ridicați-vă în poziție verticală, nu trageți de comenzi și pregătiți-vă pentru o cădere parasutată (PLF). ",X,X,c
,d,Aruncați rezerva. ,,0,
AA169,,"169. Cum poate un pilot să provoace ongajare parașutată, altfel decât să tragă prea mult comenzile? ",,a,a
,a,Încărcarea insuficientă a parapantei sau ieșirea necorespunzătoare din angajare cu B-urile (B-stall). ,X,X,a
,b,Încărcarea excesivă a parapantei sau ieșirea necorespunzătoare din angajare cu B-urile (B-stall). ,,0,
,c,Încărcarea excesivă a parapantei sau zborul într-un vânt puternic din față. ,,0,
,d,Zborul într-un vânt puternic din față sau încărcarea insuficientă a parapantei. ,,0,
AA170,,170. Care sunt consecințele comenzii prea ample într-un viraj? ,,c,c
,a,Parapanta are o închidere frontală. ,,0,c
,b,"Fluxul de aer se separă de aripă, ducând la o angajare parașutată sau aripa se balansează în spate angajându-se total. ",,0,c
,c,"Fluxul de aer se separă de o parte a aripii (angajare), rezultând plonjarea aripii spre acea parte și intrarea în vrie negativă. ",X,X,c
,d,Aripa intră într-o spirală care se accelerează constant. ,,0,
AA171,,"171. Un pilot virează foarte brusc, cu un unghi de înclinare mare, din zbor drept. Care sunt consecințele? ",,c,c
,a,Parapanta are o închidere frontală. ,,0,c
,b,"Fluxul de aer se separă de aripă, ducând la o angajare parașutată sau aripa se balansează în spate angajându-se total. ",,0,c
,c,"Fluxul de aer se separă de o parte a aripii (angajare), rezultând plonjarea aripii spre acea parte și intrarea în vrie negativă. ",X,X,c
,d,"Ca rezultat al încărcării asimetrice ale parapantei, părți ale parapantei de pe acea parte ar putea deveni întinse, rezultând că parapanta să tragă într-o parte. ",,0,
AA172,,172. Care sunt indiciile că o parte a parapantei s-a angajat (vrie negativă)? ,,b,b
,a,Jumătatea parapantei de pe partea pe care se rotește se închide datorită scăderii presiunii din interiorul parapantei. ,,0,b
,b,Tensiunea din comanda interioară scade brusc și comanda nu mai opune rezistență pe întreaga ei cursă. ,X,X,b
,c,Parapanta intră într-o spirală accentuată rezultând un factor de încărcare mare și constant. ,,0,
,d,Parapanta devine instabilă în jurul axei longitudinale și începe să penduleze. ,,0,
AA173,,"173. În timpul virajului, pilotul își dă seama că o parte a parapantei s-a angajat (vrie negativă). Care este cea mai potrivită acțiune? ",,c,c
,a,Aplicarea imediată a comenzii exterioare pentru a stabiliza direcția. ,,0,c
,b,Pompare comanzii interioare pentru a mări presiunea internă. ,,0,c
,c,Eliberarea ambelor comenzi și lăsarea parapantei să recâștige viteză. ,X,X,c
,d,Apucarea chingilor și ținerea lor pentru a minimaliza riscul unei răsuciri. ,,0,
AA174,,174. Riscul de vrie negativă poate fi minimizat dacă ,,a,a
,a,Pilotul zboară mereu cu o rezervă de viteză și cu mult simț. ,X,X,a
,b,Parapanta este observată în mod constant și nu se execută viraje strânse. ,,0,
,c,"Comanda exterioară este întotdeauna aplicată întimpul virajului, astfel încât parapanta să nu se poată angaja pe o parte. ",,0,
,d,Un anemometru este folosit în zbor pentru a verifica viteza aerului. ,,0,
AA175,,175. Ce se întâmplă dacă un pilot trage numai de chingile A pentru a accelera? ,,a,a
,a,Parapanta are o închidere frontală. ,X,X,a
,b,"Fluxul de aer se separă de aripă, ducând la o angajare parașutată sau aripa se balansează în spate angajându-se total. ",,0,
,c,"Fluxul de aer se separă de o parte a aripii (angajare), rezultând plonjarea aripii spre acea parte și intrarea în vrie negativă. ",,0,
,d,Aripa intră într-o spirală care se accelerează constant. ,,0,
AA176,,176. Ce consecințe pot apărea atunci când mai mult de 50% din parapantă se închide și pilotul lasă parapanta să continue să zboare fără aplicarea comenzii. ,,d,d
,a,Parapanta are o închidere frontală. ,,0,d
,b,"Fluxul de aer se separă de aripă, ducând la o angajare parașutată sau aripa se balansează în spate angajându-se total. ",,0,d
,c,"Fluxul de aer se separă de o parte a aripii (angajare), rezultând plonjarea aripii spre acea parte și intrarea în vrie negativă. ",,0,d
,d,Aripa intră într-o spirală care se accelerează constant. ,X,X,d
AA177,,177. În timpul zborului parapanta se închide brusc pe o parte. Care este acțiunea potrivită? ,,d,d
,a,"Pompați imediat, cu forță, comanda de pe partea închisă pentru a o redeschide cât mai repede posibil, minimizând astfel înălțimea pierdută. ",,0,d
,b,Aplicați la maxim ambele comenzi până când planorul este redeschis. ,,0,d
,c,Aplicați la maxim frâna de pe partea deschisă pentru a preveni întoarcerea parapantei spre partea închisă. ,,0,d
,d,"Stabilizați direcția prin deplasarea greutătii corpului și frânarea atentă pe partea deschisă, apoi, dacă este necesar, pompați pe partea închisă pentru a o redeschide. ",X,X,d
AA178,,"178. Zburați prin aer turbulent, parapanta începe să penduleze un pic în jurul axelor longitudinale și transversale. Care este acțiunea potrivită? ",,a,a
,a,Așezați-vă relaxat în seletă și trageți ușor până la moderat comenzile fără a încerca să compensați pendulul. ,X,X,a
,b,"Zburați fără comenzi și, dacă este necesar, accelerați cu ajutorul chingilor A și B pentru a scăpa de turbulență cât mai repede posibil. ",,0,
,c,Frânați parapanta cu 50% și țineți chingile pentru a stabiliza poziția corpului într-o anumită măsură. ,,0,
,d,Stabilizați pendulul folosind frânarea promptă și fermă pe partea opusă mișcării de pendulare. ,,0,
AA179,,"179. Termenul ""răsucire de chingi"" (twist) înseamnă ",,d,d
,a,"rotația rapidă a parapantei în jurul axei verticale, prin care o jumătate din parapantă zboară spre înainte iar cealaltă spre înapoi. ",,0,d
,b,"viraje rapide alternante, prin care parapanta are ocazional un unghi înclinare laterală de peste 90 °. ",,0,d
,c,viraje foarte strânse prin care factorul de încărcare datorat forței centrifuge crește semnificativ. ,,0,d
,d,"răsucirea chingilor și a suspantelor provocate de rotația parapantei în jurul axei verticale. Datorită inerției pilotului, el nu se poate roti, în general, la fel de repede ca și parapanta. ",X,X,d
AA180,,"180. Termenul ""vrie negativă"" (spin) înseamnă ",,a,a
,a,"rotația rapidă a parapantei în jurul axei verticale, prin care o jumătate din parapantă zboară spre înainte iar cealaltă spre înapoi. ",X,X,a
,b,"viraje rapide alternante, prin care parapanta are ocazional un unghi înclinare laterală de peste 90 °. ",,0,
,c,viraje foarte strânse prin care factorul de încărcare datorat forței centrifuge crește semnificativ. ,,0,
,d,"răsucirea chingilor și a suspantelor provocate de rotația parapantei în jurul axei verticale. Datorită inerției pilotului, el nu se poate roti, în general, la fel de repede ca și parapanta. ",,0,
AA181,,"181. Termenul ""wingover"" înseamnă ",,b,b
,a,"rotația rapidă a parapantei în jurul axei verticale, prin care o jumătate din parapantă zboară spre înainte iar cealaltă spre înapoi. ",,0,b
,b,"viraje rapide alternante, prin care parapanta are ocazional un unghi înclinare laterală de peste 90 °. ",X,X,b
,c,viraje foarte strânse prin care factorul de încărcare datorat forței centrifuge crește semnificativ. ,,0,
,d,"răsucirea chingilor și a suspantelor provocate de rotația parapantei în jurul axei verticale. Datorită inerției pilotului, el nu se poate roti, în general, la fel de repede ca și parapanta. ",,0,
AA182,,"182. Termenul ""spirală"" (spiral dive) înseamnă ",,c,c
,a,"rotația rapidă a parapantei în jurul axei verticale, prin care o jumătate din parapantă zboară spre înainte iar cealaltă spre înapoi. ",,0,c
,b,"viraje rapide alternante, prin care parapanta are ocazional un unghi înclinare laterală de peste 90 °. ",,0,c
,c,viraje foarte strânse prin care factorul de încărcare datorat forței centrifuge crește semnificativ. ,X,X,c
,d,"răsucirea chingilor și a suspantelor provocate de rotația parapantei în jurul axei verticale. Datorită inerției pilotului, el nu se poate roti, în general, la fel de repede ca și parapanta. ",,0,
AA183,,"183. Coborârea cu ""urechi mari"" are avantajul că ",,a,a
,a,corpul pilotului nu este solicitat fizic în timpul manevrei și parapanta poate fi condusă spre direcția dorită. ,X,X,a
,b,parapanta nu este deformată și poate atinge o viteză mare de înfundare. ,,0,
,c,"manevra este aplicată cu ușurință, se poate atinge o viteză de înfundare mare și fără solcitare fizică a corpului piotului. ",,0,
,d,o viteză mare de înfundare poate fi obținută fără probleme în timpul ieșirii din manevră. ,,0,
AA184,,184. Coborârea în spirală are avantajul că ,,b,b
,a,corpul pilotului nu este solicitat fizic în timpul manevrei și parapanta poate fi condusă spre direcția dorită. ,,0,b
,b,parapanta nu este deformată și poate atinge o viteză mare de înfundare. ,X,X,b
,c,"manevra este aplicată cu ușurință, se poate atinge o viteză de înfundare mare și fără solcitare fizică a corpului piotului. ",,0,
,d,o viteză mare de înfundare poate fi obținută fără probleme în timpul ieșirii din manevră. ,,0,
AA185,,185. Coborârea în ”angajare cu B-urile” (B stall) are avantajul că ,,c,c
,a,corpul pilotului nu este solicitat fizic în timpul manevrei și parapanta poate fi condusă spre direcția dorită. ,,0,c
,b,parapanta nu este deformată și poate atinge o viteză mare de înfundare. ,,0,c
,c,"manevra este aplicată cu ușurință, se poate atinge o viteză de înfundare mare și fără solcitare fizică a corpului piotului. ",X,X,c
,d,parapanta nu este deformată și corpul pilotului nu este solicitat fizic în timpul manevrei. ,,0,
AA186,,"186. Când coborâți cu ""urechi mari"", este important să fiți conștienți de faptul că parapanta în această configurație ",,a,a
,a,"zboară cu un unghi considerabil mai mare de atac și, prin urmare, este mai susceptibilă de a se angaja parașutat în timpul sau la ieșirea din manevră. ",X,X,a
,b,"zboară cu viteză de înaintare considerabil mai mare, mărind astfel riscul închiderilor frontale. ",,0,
,c,"necesită abilități extraordinare ale pilotului, în special în aerul turbulent și solicită fizic pilotul pe perioade mai lungi. ",,0,
AA187,,"187. Când coborâți cu ""urechi mari"", este important să rețineți acest lucru ",,a,a
,a,acceleratorul ar trebui să fie aplicat simultan pentru a minimiza riscul angajare parașutată și pentru a crește semnificativ viteza de înfundare. ,X,X,a
,b,"acceleratorul nu trebuie aplicat simultan, astfel încât riscul de închidere frontală să fie minimizat. ",,0,
,c,există o mare solicitare fizică a corpului. ,,0,
,d,parapanta zboară extrem de instabil. ,,0,
AA188,,"188. Când deschideți ""urechile mari"", este important să rețineți că ",,b,b
,a,"cel târziu în timpul apropierii finale, acestea trebuie deschise complet prin pomparea comenzilor. ",,0,b
,b,la altitudine mică nu trebuie deschise prin pomparea comenzilor. ,X,X,b
,c,trebuie deschise prin pompare simultană și forțată a ambelor frâne. ,,0,
,d,"în timpul manevrei de aterizare, acestea trebuie deschise numai prin scuturarea suspantelor A din exterior. ",,0,
AA189,,"189. Când coborâți în spirală, este important să rețineți că ",,c,c
,a,există riscul de angajare parașutată la ieșirea din manevră. ,,0,c
,b,numai prin aplicarea simultană a acceleratorului crește considerabil viteza de înfundare. ,,0,c
,c,"necesită abilități extraordinare ale pilotului, în special în aerul turbulent și solicită fizic pilotul pe perioade mai lungi. ",X,X,c
,d,poate fi obținută doar o viteză de înfundare mică. ,,0,
AA190,,"190. Când executați o angajare cu B-urile, este important să rețineți că ",,a,a
,a,există riscul de angajare parașutată la ieșirea din manevră. ,X,X,a
,b,numai prin aplicarea simultană a acceleratorului crește considerabil viteza de înfundare. ,,0,
,c,"necesită abilități extraordinare ale pilotului, în special în aerul turbulent și solicită fizic pilotul pe perioade mai lungi. ",,0,
,d,parapanta zboară extrem de instabil. ,,0,
AA191,,191. Riscul angajării parașutate în timp ce se iese din angajare cu B-urile poate fi redus la minim ,,c,c
,a,"ridicându-se mai întâi o chingă B, urmată de cea de-a doua imediat după. ",,0,c
,b,lăsând libere ambele B-uri în același timp. ,,0,c
,c,"ridicând chingile cu mâinile, unde mișcarea din a doua jumătate a cursei trebuie să fie rapidă. ",X,X,c
,d,ridicând simultan ambele chingi B încet și cu atenție. ,,0,
AA192,,192. Zborul deasupra locului de aterizare înainte de a pierde înălțime și de a începe abordarea aterizării este ,,c,c
,a,nepermisă din cauza posibilității de a obstrucționa alte parapante la aterizare. ,,0,c
,b,de evitat ori de câte ori este posibil datorită riscului de coliziune. ,,0,c
,c,recomandat pentru a vă uita la mâneca de vânt. ,X,X,c
,d,obligatoriu. ,,0,
AA193,,"193. Dacă, atunci când zburați deasupra locului de aterizare, mâneca de vânt nu este vizibilă, ce alte semne ne pot da o idee despre direcția vântului? ",,b,b
,a,direcția de zbor a păsărilor. ,,0,b
,b,"fumurile și steagurile din zonă, precum și derivarea laterală în timpul zborului. ",X,X,b
,c,Direcția de zbor inerentă a parapantei. (Parapantele cu caracteristici stabile de zbor au tendința de a vira împotriva vântului.) ,,0,
,d,mișcarea norilor de la înălțime. ,,0,
AA194,,"194. Când aterizați pe o pantă și situația nu vă permite să vă apropiați de-a lungul acesteia, numai contra sau în josul pantei. Care dintre următoarele afirmații este corectă în condiții de vânt zero? ",,a,a
,a,"Este mai ușor să aterizezi precis, dar mai greu să aterizezi lin contra pantei. ",X,X,a
,b,Este mai ușor să aterizezi precis și lin contra pantei. ,,0,
,c,Este mai ușor să aterizezi precis și lin în josul pantei. ,,0,
,d,"Este mai ușor să aterizezi precis, dar mai greu să aterizezi lin în josul pantei. ",,0,
AA195,,195. De ce facem priza de aterizare? ,,c,c
,a,Ca formare pentru a trece examenul practic organizat de AZLR. ,,0,c
,b,Ca un instrument de memorare pentru incepători. ,,0,c
,c,"Priza de aterizare este clar identificabilă pentru ceilalți utilizatori ai spațiului aerian și oferă, de asemenea, cea mai mare probabilitate de aterizare precisă. ",X,X,c
,d,Priza de aterizare nu mai are nici un înțeles practic pentru piloții licențiați. ,,0,
AA196,,196. Care element al prizei de aterizare este # 1? ,,b,b
,a,Segmentul cu vânt lateral. ,,0,b
,b,Zona pentru pierderea înălțimii. ,X,X,b
,c,Segmentul cu vânt din spate. ,,0,
,d,Apropierea finală. ,,0,
AA197,,197. Care element al prizei de aterizare este # 2? ,,c,c
,a,Segmentul cu vânt lateral. ,,0,c
,b,Zona pentru pierderea înălțimii. ,,0,c
,c,Segmentul cu vânt din spate. ,X,X,c
,d,Apropierea finală. ,,0,
AA198,,198. Care element al prizei de aterizare este # 3? ,,a,a
,a,Segmentul cu vânt lateral. ,X,X,a
,b,Zona pentru pierderea înălțimii. ,,0,
,c,Segmentul cu vânt din spate. ,,0,
,d,Apropierea finală. ,,0,
AA199,,199. Care element al prizei de aterizare este # 4? ,,d,d
,a,Segmentul cu vânt lateral. ,,0,d
,b,Zona pentru pierderea înălțimii. ,,0,d
,c,Segmentul cu vânt din spate. ,,0,d
,d,Apropierea finală. ,X,X,d
AA200,,200. Cum pierdem excesul de înălțime înainte de a intra în segmentul cu vânt din spate? ,,c,c
,a,Zurând în cerc spre stânga. ,,0,c
,b,Zurând în cerc spre dreapta. ,,0,c
,c,Zurând în cerc în aceeași sens ca și virajele din priza de aterizare. ,X,X,c
,d,Făcândo serie de viraje alternante. ,,0,
AA201,,"201. Dacă ești obligat să faci o priză de aterizare spre stânga, în ce sector ar trebui să pierzi înălțimea înainte de a intra în segmentul cu vânt din spate? ",,b,b
,a,1 ,,0,b
,b,2 ,X,X,b
,c,3 ,,0,
,d,4 ,,0,
AA202,,"202. Dacă ești obligat să faci o priză de aterizare spre dreapta, în ce sector ar trebui să pierzi înălțimea înainte de a intra în segmentul cu vânt din spate? ",,c,c
,a,1 ,,0,c
,b,2 ,,0,c
,c,3 ,X,X,c
,d,4 ,,0,
AA203,,"203. Fiecare diagramă prezintă o priză de aterizare standard în vânt zero (linie punctată) și o priză de aterizare practică în funcție de condiții (linie solidă). Cum ar trebui abordată aterizarea cu vânt zero când pilotul își dă seama, după segmentul cu vânt din spate, că înălțimea lui este prea mică? ",,b,b
,a,1 ,,0,b
,b,2 ,X,X,b
,c,3 ,,0,
,d,4 ,,0,
AA204,,"204. Fiecare diagramă prezintă o priză de aterizare standard în vânt zero (linie punctată) și o priză de aterizare practică în funcție de condiții (linie solidă). Cum ar trebui abordată aterizarea cu vânt zero când pilotul își dă seama, în timpul segmentul cu vânt lateral, că înălțimea lui este prea mare? ",,d,d
,a,1 ,,0,d
,b,2 ,,0,d
,c,3 ,,0,d
,d,4 ,X,X,d
AA205,,205. Fiecare diagramă prezintă o priză de aterizare standard în vânt zero (linie punctată) și o priză de aterizare practică în funcție de condiții (linie solidă). Cum ar trebui abordată aterizarea cu vânt 10-15 km/h? ,,a,a
,a,1 ,X,X,a
,b,2 ,,0,
,c,3 ,,0,
,d,4 ,,0,
AA206,,206. Fiecare diagramă prezintă o priză de aterizare standard în vânt zero (linie punctată) și o priză de aterizare practică în funcție de condiții (linie solidă). Cum ar trebui abordată aterizarea cu vânt 25-30 km/h? ,,c,c
,a,1 ,,0,c
,b,2 ,,0,c
,c,3 ,X,X,c
,d,4 ,,0,
AA207,,"207. Un pilot ajunge locul de aterizare chiar înaintea altor doi piloți care se află la 50 de metri de el. Vântul este zero, nu există obstacole și nu există o direcție de aterizare convenită. Cum ar trebui să aterizeze? ",,b,b
,a,"Ar trebui să realizeze priza de aterizare, dar este liber să aleagă direcția de aterizare și sensul de întoarcere. ",,0,b
,b,"Fiind primul, poate alege direcția de aterizare, dar trebuie să execute o priză de aterizare spre stânga. ",X,X,b
,c,"Fiind primul, poate alege sensul prizei de aterizare, dar trebuie să aterizeze la 90 ° față de axa văii. ",,0,
,d,Primul care aterizează trebuie să execute o priză de aterizare spre stânga și să aterizeze la 90 ° față de axa văii. ,,0,
AA208,,"208. Un pilot ajunge locul de aterizare chiar înaintea altor doi piloți care se află la 50 de metri de el. Vântul este zero, nu există obstacole și nu există o direcție de aterizare convenită. Cum ar trebui să aterizeze? El decide să aterizeze spre vest fîcând o priză de aterizare spre stânga. Pe segmentul cu vânt lateral realizează că există un vânt de est de 2-5 km / h. Ce ar trebui să facă? ",,c,c
,a,"Continuați cu priza de aterizare, alegeți un unghi de apropiere finală mai abrupt. ",,0,c
,b,"Opriți imediat priza de aterizare, zburați spre partea de sub vânt a locului de aterizare și aterizați în vânt. ",,0,c
,c,"Continuați cu priza de aterizare, alegeți un unghi de apropiere finală mai mic. ",X,X,c
,d,Considerați segmentul cu vânt din spate ca fiind segmentul cu vânt lateral și aterizați cu vânt lateral. ,,0,
AA209,,209. Atunci când aterizați cu vânt de spate unghiul de apropiere este ,,c,c
,a,mai mic și viteza de aterizare mai mică. ,,0,c
,b,mai mare și viteza de aterizare mai mare. ,,0,c
,c,mai mic și viteza de aterizare mai mare. ,X,X,c
,d,mai mare și viteza de aterizare mai mică. ,,0,
AA210,,210. Atunci când aterizați cu vânt de față unghiul de apropiere este ,,d,d
,a,mai mic și viteza de aterizare mai mică. ,,0,d
,b,mai mare și viteza de aterizare mai mare. ,,0,d
,c,mai mic și viteza de aterizare mai mare. ,,0,d
,d,mai mare și viteza de aterizare mai mică. ,X,X,d
AA211,,211. Pe segmentul cu vânt din spate al prizei de aterizare vă dați seama că sunteți prea sus. Ce ar trebui să faceți? ,,d,d
,a,Zburați un cerc în sensul prizei de aterizare. ,,0,d
,b,Frânați parapanta pentru a reduce finețea acesteia. ,,0,d
,c,Reveniți în poziția de pierdere a înălțimii și reporniți cu segmentul cu vânt din spate. ,,0,d
,d,Faceți mai lungi următoarele segmentele ale prizei de aterizare. ,X,X,d
AA212,,212. Pe segmentul cu vânt din spate al prizei de aterizare vă dați seama că sunteți prea jos. Ce ar trebui să faceți? ,,d,d
,a,Considerați segmentul cu vânt din spate ca fiind segmentul cu vânt lateral și aterizați cu vânt lateral. ,,0,d
,b,Frânați ușor parapanta pentru a îmbunătăți finețea. ,,0,d
,c,Zburați direct la punctul de aterizare planificat și zburați în cerc până aterizați. ,,0,d
,d,Faceți mai scurte următoarele segmentele ale prizei de aterizare. ,X,X,d
AA213,,213. Pe segmentul cu vânt lateral al prizei de aterizare vă dați seama că sunteți prea sus. Ce ar trebui să faceți? ,,c,c
,a,Zburați încă un cerc în direcția de întoarcere a prizei de aterizare. ,,0,c
,b,Frânați parapanta pentru a reduce finețea. ,,0,c
,c,"Lungiți segmentul cu vânt lateral și, dacă este necesar, repetați-l. ",X,X,c
,d,Reveniți în poziția de pierdere a înălțimii și reporniți cu segmentul cu vânt din spate. ,,0,
AA214,,214. Pe segmentul cu vânt lateral al prizei de aterizare vă dați seama că sunteți prea jos. Ce ar trebui să faceți? ,,a,a
,a,Scurtați segmentul cu vânt lateral sau abandonați-l în întregime. ,X,X,a
,b,Frânați ușor parapanta pentru a îmbunătăți finețea. ,,0,
,c,Zburați direct la punctul de aterizare planificat și zburați în cerc până aterizați. ,,0,
,d,Considerați segmentul cu vânt din spate ca fiind segmentul cu vânt lateral și aterizați cu vânt lateral. ,,0,
AA215,,215. Pe apropierea finală a prizei de aterizare vă dați seama că sunteți puțin prea sus. Ce ar trebui să faceți? ,,b,b
,a,Zburați încă un cerc în direcția de întoarcere a prizei de aterizare. ,,0,b
,b,Frânați parapanta pentru a reduce finețea și ridicați-vă în poziție verticală pentru a crește rezistența la înaintare. ,X,X,b
,c,"Zburați peste punctul de aterizare, virați 180 ° și aterizați din direcția opusă. ",,0,
,d,Creșteți viteza pentru a mări rezistența la înaintare. ,,0,
AA216,,"216. Pe segmentul cu vânt lateral, realizeați că sunteți prea jos. Ce ar trebui să faceți? ",,c,c
,a,O aterizare inexactă este inevitabilă. ,,0,c
,b,Frânați ușor parapanta pentru a îmbunătăți finețea. ,,0,c
,c,"Zburați cu zero comenzi până la nivelul solului, apoi trageți ușor și continuu comenzile. ",X,X,c
,d,Frânați parapanta 50% pentru a zbura cât mai mult posibil. ,,0,
AA217,,"217. În apropierea finală, pilotul aplică 80% comenzile fără să se angajeze, dacă menține comenzile frânate astfel mult timp ",,a,a
,a,este foarte probabil ca după o vreme parapanta să se angajeze. ,X,X,a
,b,"parapanta va zbura cu o viteză redusă, dar constantă. ",,0,
,c,viteza parapantei va crește încet și continuu. ,,0,
,d,viteza de înaintare și viteza de înfundare vor scădea continuu. ,,0,
AA218,,218. Ce trebuie să faceți imediat după aterizare? ,,b,b
,a,Scoateți imediat seleta și casca. ,,0,b
,b,Părăsiți imediat zona de aterizare. ,X,X,b
,c,Împachetați imediat parapanta și băgăți-o în rucsac. ,,0,
,d,Înregistrați zborul în carnetul de zbor. ,,0,
AA219,,"219. La locul de aterizare bate vântul cu 25 km / h. De îndată ce picioarele ating pământul, ",,d,d
,a,trageți comenzile cât mai mult posibil pentru a opri imediat zborul care zboară. ,,0,d
,b,rotiți-vă 180 ° spre parapantă și trageți comenzile la maxim pentru a opri imediat parapanta din zbor. ,,0,d
,c,"trageți o comandă la maxim, astfel încât parapanta să coboare pe bordul de atac și să înceteze să producă portanță. ",,0,d
,d,rotiți-vă 180 ° spre parapantă și trageți chingile B sau C pentru a opri imediat parapanta din zbor. ,X,X,d
AA220,,"220. Când se aterizează pe o pantă abruptă, apropierea finală ar trebui să fie ",,b,b
,a,în contrapanta. ,,0,b
,b,paralel cu panta. ,X,X,b
,c,în josul pantei. ,,0,
,d,contra vântului. ,,0,
AA221,,"221. Sunteți la altitudine și este necesar să alegeți un teren de aterizare situat într-o vale, cu vânt de de 25 km / h. Care dintre caracteristicile terenului de aterizare sunt cele mai importante pentru a efectua o aterizare sigură? ",,c,c
,a,Latura câmpului trebuie să fie liberă de copaci sau clădiri pentru cel puțin 100 m pentru segmentul cu vânt lateral și apropierea finală. ,,0,c
,b,"Câmpul de aterizare trebuie să fie protejat de vânt cât mai mult posibil de denivelări, copaci sau clădiri. ",,0,c
,c,Partea din vânt a terenului trebuie să fie cât se poate de plată și fără copaci și clădiri. ,X,X,c
,d,Terenul nu trebuie să se încline spre vânt. ,,0,
AA223,,223. Care dintre următoarele măsuri de precauție ar trebui luate atunci când sunteți forțat să aterizați în apă stătătoare sau curgătoare? ,,a,a
,a,Deschideți cât mai multe din chigile seletei înaintea aterizării. ,X,X,a
,b,"Aruncați rezerva chiar înainte de a ateriza, astfel încât aceasta să asigure o flotabilitate suplimentară în apă. ",,0,
,c,"Deconectați toate dispozitivele electronice (radio, variometru etc) și țineți-le deasupra capului, astfel încât să nu se ude. ",,0,
,d,"Strângeți toate chingile seletei astfel încât să nu ieșiți din greșeală din seletă după aterizare, iar parapanta să se scufunde sau să fie luată de curent. ",,0,
AA224,,"224. În cazul aterizării într-un copac, ce provoacă cele mai grave răniri? ",,b,b
,a,Ramurile se rup sub greutatea pilotului și a parapantei iar pilotul cade pe pământ. ,,0,b
,b,"Pilotul iese din seletă, fără a a se asigura cu o frânghie, ramurile se rup și cade din copac. ",X,X,b
,c,Pilotul este rănit prin impactul cu copacul. ,,0,
,d,Parapanta și pilotul alunecă pe coroana copacului si acesta cade pe pământ. ,,0,
AA225,,"225. După aterizare, parapanta se agață în coroana unui copac. Cum recuperăm parapanta cu minim de deteriorări parapantei? ",,c,c
,a,Recuperați parapanta folosind un elicopter. ,,0,c
,b,Desfaceți parapnat de la seletă. ,,0,c
,c,Desfaceți carabinele rapide cu filet și eliberați supantele de pe chingi și mânerele comanzilor. ,X,X,c
,d,Conectați o coardă lungă la seletă și trageți de parapantă în plan orizontal de cât mai departe posibil. ,,0,
AA226,,"226. În ce situație în aer există risc maxim de coliziune între un deltaplan și o parapantă, mai ales că nici unul dintre piloți nu se poate vedea unul pe celălalt. ",,b,b
,a,Deltaplanul se apropie de parapantă din față și de sus. ,,0,b
,b,Deltaplanul se apropie de parapantă din spate și de jos. ,X,X,b
,c,Deltaplanul se apropie de parapantă din față și de jos. ,,0,
,d,Deltaplanul se apropie de parapantă din spate și de sus. ,,0,
AA227,,227. O parapantă zboară în aceeași termică și la aceeași altitudine cu un deltaplan. Cum poate pilotul de parapantă să se pună și pe el si pe pilotul de deltaplan în pericol? ,,b,b
,a,Dacă zboară cercuri foarte strânse. ,,0,b
,b,Schimbând brusc direcția de rotație. ,X,X,b
,c,Zborând încet. ,,0,
,d,Întorcând în aceeași direcție ca și deltaplanul. ,,0,
AA228,,228. Când folosim parașutul de rezervă? ,,b,b
,a,De îndată ce aripa se închide (închidere frontală completă pe întreaga anvergură a aripii). ,,0,b
,b,De îndată ce situația pare a fi incontrolabilă. ,X,X,b
,c,Când este aspirat într-un nor cumulos și variometrul indică o viteză de urcare de peste 6 m / s. ,,0,
,d,Când avem o închidere asimetrică în apropierea finală la aterizare. ,,0,
AA229,,"229. În care din următoarele situații ar trebui aruncată parașuta de rezervă, imediat și fără ezitare? ",,d,d
,a,O treimedin parapantă este închisă și prinsă în conul de suspantaj (cravată). ,,0,d
,b,Parapanta este aspirată într-un nor cumulus și urcă cu 8 m / s. ,,0,d
,c,O parte a parapantei se angajează și parapanta intră în rotație (vrie negativă). ,,0,d
,d,În urma coliziunii între un deltaplan și o parapantă. ,X,X,d
AA230,,"230. În care din următoarele situații ar trebui aruncată parașuta de rezervă, imediat și fără ezitare? ",,c,c
,a,O treimedin parapantă este închisă și prinsă în conul de suspantaj (cravată). ,,0,c
,b,Parapanta este aspirată într-un nor cumulus și urcă cu 8 m / s. ,,0,c
,c,"După o vrie negativă, când chingile sunt răsucite de câteva ori și parapanta începe să intre într-o spirală accentuată de la sine. ",X,X,c
,d,O parte a parapantei se angajează și parapanta intră în rotație (vrie negativă). ,,0,
AA231,,231. Ce trebuie să facă un pilot imediat după ce a aruncat parașuta de rezervă? ,,a,a
,a,"Pilotul trebuie să împiedice parapanta să continue să zboare prin tragerea simetrică a chingilor B, C sau D și să se ridice într-o poziție verticală. ",X,X,a
,b,Pilotul își asumă o poziție cât mai orizontal posibilă și își trage brațele și picioarele aproape de corp (poziția embrionului). ,,0,
,c,Parapanta trebuie să fie pilotată cu comenzile astfel încât să nu se apropie și să se încurce cu parașuta. ,,0,
,d,"Pilotul începe să deschidă seleta din timpul coborârii, pentru a se separa de parapantă cât mai repede posibil. ",,0,
AA232,,"232. Atunci când un pilot este primul la locul unui accident, el ar trebui să urmeze următoarele etape: ",,a,a
,a,1. Căile aeriene libere? - 2. Este necesară respirația artificială? - 3. Masaj cardiorespirator necesar? ,X,X,a
,b,1. Ce sa întâmplat? - 2. Cine este responsabil? - 3. Ce măsuri trebuie luate? ,,0,
,c,1. Este conștient? - 2. Poate să se ridice? - 3. Poate merge? ,,0,
,d,1. Este rănit? - 2. Este în stare de șoc? - 3. Trebuie să fie transportat? ,,0,
AA233,,"233. Ce măsuri trebuie luate în cazul descoperirii victimei unui accident care nu răspunde, dar care respiră, nu are leziuni externe și are puls. Victima ar trebui să fie ",,b,b
,a,întinsă pe spate cu picioarele ridicate. ,,0,b
,b,"poziționată pe o parte (poziția laterală de siguranță) și protejat de vreme (soare, vânt, frig și umiditate). ",X,X,b
,c,întinsă pe burtă și să i se dea băuturi răcoritoare ca să-l trezească. ,,0,
,d,"adus în poziție șezând și protejat de vreme (soare, vânt, frig și umiditate). ",,0,
AA234,,"234. Dacă o persoană accidentată prezintă semne de leziuni ale coloanei vertebrale, victima ar trebui să fie ",,b,b
,a,întinsă pe burtă și protejată de vreme. ,,0,b
,b,"împiedicată să se miște, să șeadă sau să încerce să meargă. ",X,X,b
,c,adusă în poziție șezând și protejată de vreme. ,,0,
,d,ridicată imediat pentru a verifica dacă poate merge sau nu. ,,0,
AA235,,235. Care simptome semnalează leziunea coloanei vertebrale? ,,c,c
,a,"Victima este palidă, are buze albastre, sudoare rece, un puls rapid și slab și vorbește incoerent. ",,0,c
,b,Victima are dureri puternice la picioare. ,,0,c
,c,"Victima are dureri de spate, nu are simț în picioare, brațe sau mâini. ",X,X,c
,d,Victima este inconștientă. ,,0,
AA236,,"236. Când victima unui accident trebuie să fie transportată cu elicopterul, înainte de sosirea acestuia ar trebui să ",,b,b
,a,scoateți casca și seleta victimei și puneți-le în rucsac. ,,0,b
,b,"opriți imediat toate zborurile în imediata vecinătate a zonei accidentului, îndepărtați toate parapantele, jachetele și alte obiecte libere din zona accidentului și din împrejurimi. ",X,X,b
,c,marcați scena accidentului cu parapanta. ,,0,
,d,părăsiți imediat zona accidentului. ,,0,
